encode_time;decode_time;peak_enc_mem;peak_dec_mem;peak_delta_enc;peak_delta_dec;param_name;layer_type;shape;numel;bits_quant;raw_bytes;qstep;mse_quant;nmse_quant;mse_post;nmse_post;compressed_bytes;compression_ratio;compression_gain_pct;bits_per_element;decoded_equal
0,0009878800003206602;0,00040687999862708;819043532,8;811962368,0;18841,6;19660,8;transformer.h.0.attn.c_attn.bias;bias;(2304,);2304;8;4608;4.487813538453207e-05;1.6104480249357067e-10;2.4832332016830322e-09;1.6104480249357067e-10;2.4832332016830322e-09;2864;1,6089385474860336;37,84722222222222;9,944444444444445;True
0,00108143999968882;0,00030812000040892;797813145,6;797811507,2;19660,8;-1638.4;transformer.h.0.attn.c_attn.bias;bias;(2304,);2304;16;4608;4.487813538453207e-05;1.6104480249357067e-10;2.4832332016830322e-09;1.6104480249357067e-10;2.4832332016830322e-09;2872;1,6044568245125348;37,67361111111111;9,97222222222222;True
0,5174903799997992;0,13779376000093174;825353830,4;830825267,2;1563852,8;7085260,8;transformer.h.0.attn.c_attn.weight;weight;(768, 2304);1769472;8;1769472;0,00390625;1.271932433155598e-06;8.379814298975262e-05;0,0002694714057724;0,0177534614291972;1473390;1,2009529045262963;16,7327880859375;6,661376953125;True
0,6003095599997323;0,1575693200000387;841877094,4;841738649,6;1536000,0;7020544,0;transformer.h.0.attn.c_attn.weight;weight;(768, 2304);1769472;16;1769472;0,00390625;1.271932433155598e-06;8.379814298975262e-05;0,0002694714057724;0,0177534614291972;1477888;1,1972977654598995;16,478587962962965;6,681712962962963;True
0,0005294199996569401;0,00014799999989914;812021350,4;809656320,0;19660,8;1638,4;transformer.h.0.attn.c_proj.bias;bias;(768,);768;8;1536;4.079249546316711e-06;1.2677407951536268e-12;6.109105107806881e-09;1.2677407951536268e-12;6.109105107806881e-09;1350;1,1377777777777778;12,109375;14,0625;True
0,0005908600003749;0,00016762000086598;804932812,8;804933632,0;21299,2;819,2;transformer.h.0.attn.c_proj.bias;bias;(768,);768;16;1536;4.079249546316711e-06;1.2677407951536268e-12;6.109105107806881e-09;1.2677407951536268e-12;6.109105107806881e-09;1356;1,1327433628318584;11,71875;14,125;True
0,1263529999996535;0,03337189999947434;811987763,2;813876838,4;22118,4;1889075,2;transformer.h.0.attn.c_proj.weight;weight;(768, 768);589824;8;589824;0,00390625;1.271095698029967e-06;0,0010471021029016;3.279359816588112e-06;0,0027014681628161;377805;1,56118632627943;35,946146647135414;5,124308268229167;True
0,13803355999989433;0,03545883999977374;819109068,8;819109068,8;48332,8;2363392,0;transformer.h.0.attn.c_proj.weight;weight;(768, 768);589824;16;589824;0,00390625;1.271095698029967e-06;0,0010471021029016;3.279359816588112e-06;0,0027014681628161;377095;1,5641257508055;36,06652153862847;5,114678276909722;True
0,00051477999804768;0,00022519999911305995;804932812,8;804933632,0;18841,6;819,2;transformer.h.0.ln_1.bias;bias;(768,);768;8;1536;7.819283911574789e-05;4.682439436187734e-10;4.445194068193411e-09;4.682439436187734e-10;4.445194068193411e-09;1379;1,1138506163886874;10,221354166666664;14,364583333333334;True
0,0006085400011215201;0,00018408000032644;804932812,8;804931993,6;18841,6;-819.2;transformer.h.0.ln_1.bias;bias;(768,);768;16;1536;7.819283911574789e-05;4.682439436187734e-10;4.445194068193411e-09;4.682439436187734e-10;4.445194068193411e-09;1384;1,1098265895953756;9,895833333333323;14,416666666666666;True
0,00047942000092001996;0,00020579999909382;804933632,0;804933632,0;19660,8;0,0;transformer.h.0.ln_1.weight;norm_weight;(768,);768;8;1536;5.4717146139128886e-05;2.351005223832914e-10;2.6003766541494947e-09;2.351005223832914e-10;2.6003766541494947e-09;1435;1,070383275261324;6,5755208333333375;14,947916666666666;True
0,0006321600019873199;0,00016800000084908002;804931993,6;804933632,0;18022,4;1638,4;transformer.h.0.ln_1.weight;norm_weight;(768,);768;16;1536;5.4717146139128886e-05;2.351005223832914e-10;2.6003766541494947e-09;2.351005223832914e-10;2.6003766541494947e-09;1440;1,0666666666666669;6,25;15,0;True
0,00041351999971082;0,00019564000031092;862004838,4;862004019,2;19660,8;-819.2;transformer.h.0.ln_2.bias;bias;(768,);768;8;1536;1.6961254456567263e-05;2.249059792569508e-11;7.068765902270711e-09;2.249059792569508e-11;7.068765902270711e-09;1331;1,1540195341848234;13,346354166666664;13,864583333333334;True
0,0005597999996097599;0,00017049999951264;862004838,4;862005657,6;19660,8;819,2;transformer.h.0.ln_2.bias;bias;(768,);768;16;1536;1.6961254456567263e-05;2.249059792569508e-11;7.068765902270711e-09;2.249059792569508e-11;7.068765902270711e-09;1337;1,1488406881077038;12,955729166666664;13,927083333333334;True
0,00054618000067418;0,00025311999925172;862004019,2;862005657,6;18841,6;1638,4;transformer.h.0.ln_2.weight;norm_weight;(768,);768;8;1536;2.1251965407609195e-05;3.514974075691235e-11;1.3336290957776891e-08;3.514974075691235e-11;1.3336290957776891e-08;1406;1,0924608819345665;8,463541666666675;14,645833333333334;True
0,00066967999955518;0,00017876000056271999;862004019,2;862004019,2;18841,6;0,0;transformer.h.0.ln_2.weight;norm_weight;(768,);768;16;1536;2.1251965407609195e-05;3.514974075691235e-11;1.3336290957776891e-08;3.514974075691235e-11;1.3336290957776891e-08;1411;1,0885896527285612;8,138020833333325;14,697916666666666;True
0,0019156000002112199;0,0005317200004355601;861868032,0;852428390,4;19660,8;20480,0;transformer.h.0.mlp.c_fc.bias;bias;(3072,);3072;8;6144;4.550110965153832e-05;1.65477700986294e-10;2.537725762994161e-08;1.65477700986294e-10;2.537725762994161e-08;5033;1,220743095569243;18,082682291666675;13,106770833333334;True
0,00197044000015006;0,00058034000030598;833542553,6;833543372,8;19660,8;819,2;transformer.h.0.mlp.c_fc.bias;bias;(3072,);3072;16;6144;4.550110965153832e-05;1.65477700986294e-10;2.537725762994161e-08;1.65477700986294e-10;2.537725762994161e-08;5048;1,2171156893819337;17,838541666666675;13,145833333333334;True
0,6219001599994953;0,16357236000112602;863538380,8;872957542,4;1984102,4;9439641,6;transformer.h.0.mlp.c_fc.weight;weight;(768, 3072);2359296;8;2359296;0,00390625;1.270825350729865e-06;0,0004238711269407;1.5124868468774366e-06;0,0005044749098692;1745621;1,3515511098915516;26,0109371609158;5,919125027126736;True
0,7072135999995226;0,18057355999990246;891940864,0;891925299,2;1867776,0;9456025,6;transformer.h.0.mlp.c_fc.weight;weight;(768, 3072);2359296;16;2359296;0,00390625;1.270825350729865e-06;0,0004238711269407;1.5124868468774366e-06;0,0005044749098692;1742592;1,3539003966505068;26,139322916666664;5,908854166666667;True
0,00046480000019068007;0,00011058000018234;890329497,6;880887398,4;20480,0;19660,8;transformer.h.0.mlp.c_proj.bias;bias;(768,);768;8;1536;4.953596126298048e-05;1.8741903862196094e-10;1.4552042722384233e-08;1.8741903862196094e-10;1.4552042722384233e-08;1273;1,206598586017282;17,122395833333336;13,260416666666666;True
0,00075343999997124;0,00016220000034075998;862005657,6;862005657,6;20480,0;0,0;transformer.h.0.mlp.c_proj.bias;bias;(768,);768;16;1536;4.953596126298048e-05;1.8741903862196094e-10;1.4552042722384233e-08;1.8741903862196094e-10;1.4552042722384233e-08;1278;1,2018779342723005;16,796875;13,3125;True
0,6032794599996123;0,16007572000016804;892079308,8;901480448,0;1916108,8;9441280,0;transformer.h.0.mlp.c_proj.weight;weight;(3072, 768);2359296;8;2359296;0,00390625;1.2718913922071806e-06;0,0004616669923419;0,0001110370867536;0,0403038798706018;1711548;1,37845739646215;27,45513916015625;5,8035888671875;True
0,6840707200011821;0,17428725999998274;920394956,8;920363827,2;1765376,0;9456025,6;transformer.h.0.mlp.c_proj.weight;weight;(3072, 768);2359296;16;2359296;0,00390625;1.2718913922071806e-06;0,0004616669923419;0,0001110370867536;0,0403038798706018;1709639;1,3799965957725575;27,536053127712663;5,797115749782986;True
0,0010529599996516;0,00038879999992781996;904495104,0;897413120,0;20480,0;20480,0;transformer.h.1.attn.c_attn.bias;bias;(2304,);2304;8;4608;6.00594964932439e-05;2.919837149839566e-10;5.06009434312895e-09;2.919837149839566e-10;5.06009434312895e-09;3031;1,5202903332233586;34,22309027777778;10,524305555555555;True
0,0011033599992515;0,00032725999990358;883253248,0;883253248,0;18841,6;0,0;transformer.h.1.attn.c_attn.bias;bias;(2304,);2304;16;4608;6.00594964932439e-05;2.919837149839566e-10;5.06009434312895e-09;2.919837149839566e-10;5.06009434312895e-09;3041;1,5152910226899046;34,006076388888886;10,55902777777778;True
0,48942511999994165;0,12951830000165498;905881190,4;912933683,2;1412300,8;7081164,8;transformer.h.1.attn.c_attn.weight;weight;(768, 2304);1769472;8;1769472;0,00390625;1.2705779681709828e-06;0,0002827855158763;3.5609991755336523e-06;0,000792551904814;1363195;1,298032929991674;22,960352014612276;6,163171838831018;True
0,5594051400010358;0,14280824000015852;927108300,8;927097651,2;1394278,4;7094272,0;transformer.h.1.attn.c_attn.weight;weight;(768, 2304);1769472;16;1769472;0,00390625;1.2705779681709828e-06;0,0002827855158763;3.5609991755336523e-06;0,000792551904814;1363736;1,2975179946851882;22,9297779224537;6,165617766203703;True
0,00068663999918496;0,00012518000075938002;897433600,0;895071027,2;18841,6;8192,0;transformer.h.1.attn.c_proj.bias;bias;(768,);768;8;1536;9.353236047489142e-06;6.749207095979593e-12;8.456937197400768e-10;6.749207095979593e-12;8.456937197400768e-10;1508;1,0185676392572944;1,822916666666663;15,708333333333334;True
0,00053956000047032;0,00020142000139451998;890344243,2;890345062,4;19660,8;819,2;transformer.h.1.attn.c_proj.bias;bias;(768,);768;16;1536;9.353236047489142e-06;6.749207095979593e-12;8.456937197400768e-10;6.749207095979593e-12;8.456937197400768e-10;1514;1,0145310435931307;1,432291666666663;15,770833333333334;True
0,1371775999999954;0,03642642000049814;897426227,2;899316121,6;19660,8;1889894,4;transformer.h.1.attn.c_proj.weight;weight;(768, 768);589824;8;589824;0,00390625;1.2705773997367942e-06;0,0008348449456145;1.2719088999801895e-06;0,000835719820493;398393;1,4805079406515678;32,4556138780382;5,403550889756945;True
0,1520212200004607;0,03881612000041054;904516403,2;904516403,2;19660,8;2363392,0;transformer.h.1.attn.c_proj.weight;weight;(768, 768);589824;16;589824;0,00390625;1.2705773997367942e-06;0,0008348449456145;1.2719088999801895e-06;0,000835719820493;397607;1,483434647780346;32,58887396918403;5,392890082465278;True
0,00053004000001234;0,00014003999967819998;890345062,4;890345881,6;20480,0;819,2;transformer.h.1.ln_1.bias;bias;(768,);768;8;1536;7.809914916532222e-05;4.795677743807403e-10;7.758660242519189e-09;4.795677743807403e-10;7.758660242519189e-09;1324;1,1601208459214505;13,802083333333336;13,791666666666666;True
0,00062929999985494;0,00020559999975372002;890345062,4;890345881,6;19660,8;819,2;transformer.h.1.ln_1.bias;bias;(768,);768;16;1536;7.809914916532222e-05;4.795677743807403e-10;7.758660242519189e-09;4.795677743807403e-10;7.758660242519189e-09;1330;1,1548872180451129;13,411458333333336;13,854166666666666;True
0,00043657999922282;0,00016369999939338;890344243,2;890343424,0;19660,8;-819.2;transformer.h.1.ln_1.weight;norm_weight;(768,);768;8;1536;0,0001574877460962;1.889440826019495e-09;4.663084748314572e-08;1.889440826019495e-09;4.663084748314572e-08;1234;1,2447325769854134;19,661458333333336;12,854166666666666;True
0,0007269399997312401;0,00020559999975370001;890343424,0;890344243,2;18841,6;819,2;transformer.h.1.ln_1.weight;norm_weight;(768,);768;16;1536;0,0001574877460962;1.889440826019495e-09;4.663084748314572e-08;1.889440826019495e-09;4.663084748314572e-08;1239;1,2397094430992737;19,3359375;12,90625;True
0,00040393999952351996;0,00019084000014114;947128729,6;947131187,2;18022,4;5734,4;transformer.h.1.ln_2.bias;bias;(768,);768;8;1536;2.2470905044339653e-05;3.9736904738907335e-11;3.0162058680445344e-08;3.9736904738907335e-11;3.0162058680445344e-08;1161;1,322997416020672;24,4140625;12,09375;True
0,0005492400006914401;0,00013387999861146;947130368,0;947129548,8;19660,8;-819.2;transformer.h.1.ln_2.bias;bias;(768,);768;16;1536;2.2470905044339653e-05;3.9736904738907335e-11;3.0162058680445344e-08;3.9736904738907335e-11;3.0162058680445344e-08;1167;1,3161953727506426;24,0234375;12,15625;True
0,00055873999954196;0,00026577999960858;947127910,4;947127910,4;19660,8;0,0;transformer.h.1.ln_2.weight;norm_weight;(768,);768;8;1536;3.54520747838463e-05;9.930869321328471e-11;3.229334219162705e-08;9.930869321328471e-11;3.229334219162705e-08;1293;1,1879350348027842;15,8203125;13,46875;True
0,0006103400010033;0,00020601999858622;947127910,4;947127091,2;19660,8;2457,6;transformer.h.1.ln_2.weight;norm_weight;(768,);768;16;1536;3.54520747838463e-05;9.930869321328471e-11;3.229334219162705e-08;9.930869321328471e-11;3.229334219162705e-08;1298;1,1833590138674883;15,494791666666677;13,520833333333334;True
0,00168212000062336;0,0005487199996423;947132825,6;937690726,4;19660,8;14745,6;transformer.h.1.mlp.c_fc.bias;bias;(3072,);3072;8;6144;4.558238108580304e-05;1.689697409767987e-10;1.3134349425563518e-08;1.689697409767987e-10;1.3134349425563518e-08;5107;1,2030546308987664;16,878255208333336;13,299479166666666;True
0,00205787999875606;0,00057321999920526;918808985,6;918808166,4;19660,8;-819.2;transformer.h.1.mlp.c_fc.bias;bias;(3072,);3072;16;6144;4.558238108580304e-05;1.689697409767987e-10;1.3134349425563518e-08;1.689697409767987e-10;1.3134349425563518e-08;5121;1,1997656707674282;16,650390625;13,3359375;True
0,6379409200002556;0,167056340000272;948810547,2;958209228,8;1845657,6;9442918,4;transformer.h.1.mlp.c_fc.weight;weight;(768, 3072);2359296;8;2359296;0,00390625;1.2734693655147566e-06;0,0003465503975957;2.4238495370809687e-06;0,0006596044188688;1780478;1,325091351872924;24,53350490993923;6,037319607204861;True
0,7255734399994254;0,184599259999959;977267097,6;977229414,4;1977548,8;9460121,6;transformer.h.1.mlp.c_fc.weight;weight;(768, 3072);2359296;16;2359296;0,00390625;1.2734693655147566e-06;0,0003465503975957;2.4238495370809687e-06;0,0006596044188688;1778348;1,326678467881427;24,62378607855903;6,030097113715278;True
0,0006034599988197;0,0001264799997443;975450931,2;966008012,8;20480,0;18841,6;transformer.h.1.mlp.c_proj.bias;bias;(768,);768;8;1536;1.530787540121076e-05;1.8858884939798592e-11;1.7952101290163104e-09;1.8858884939798592e-11;1.7952101290163104e-09;1452;1,0578512396694215;5,46875;15,125;True
0,00056312000015166;0,00018657999971762002;947125452,8;947126272,0;18841,6;819,2;transformer.h.1.mlp.c_proj.bias;bias;(768,);768;16;1536;1.530787540121076e-05;1.8858884939798592e-11;1.7952101290163104e-09;1.8858884939798592e-11;1.7952101290163104e-09;1458;1,0534979423868314;5,078125000000011;15,1875;True
0,6230075600004057;0,16360490000006395;977235968,0;986646937,6;1807155,2;9441280,0;transformer.h.1.mlp.c_proj.weight;weight;(3072, 768);2359296;8;2359296;0,00390625;1.2719783626380377e-06;0,0003299084311173;0,0004529208526946;0,1174724447536332;1754049;1,3450570651104958;25,65371195475261;5,947703043619792;True
0,707630419999623;0,18047516000005995;1005551616,0;1005527040,0;1798963,2;9460940,8;transformer.h.1.mlp.c_proj.weight;weight;(3072, 768);2359296;16;2359296;0,00390625;1.2719783626380377e-06;0,0003299084311173;0,0004529208526946;0,1174724447536332;1752617;1,3461560626195;25,714408026801216;5,942847357855903;True
0,00124210000140004;0,0003494600001431;1670103040,0;1663021875,2;18841,6;19660,8;transformer.h.10.attn.c_attn.bias;bias;(2304,);2304;8;4608;5.309104773623999e-05;2.2593137083415368e-10;3.260124435765903e-09;2.2593137083415368e-10;3.260124435765903e-09;3199;1,4404501406689592;30,577256944444454;11,10763888888889;True
0,0011807599992607399;0,00030201999907144;1648857907,2;1648857907,2;19660,8;0,0;transformer.h.10.attn.c_attn.bias;bias;(2304,);2304;16;4608;5.309104773623999e-05;2.2593137083415368e-10;3.260124435765903e-09;2.2593137083415368e-10;3.260124435765903e-09;3210;1,435514018691589;30,338541666666664;11,145833333333334;True
0,48397682000068015;0,12864962000021474;1671476838,4;1678533427,2;1539276,8;7083622,4;transformer.h.10.attn.c_attn.weight;weight;(768, 2304);1769472;8;1769472;0,00390625;1.2716618584818209e-06;0,0003235894967842;4.811215148947667e-06;0,001224270963688;1352466;1,308330116986305;23,56669108072917;6,114664713541667;True
0,5566760000001523;0,14328495999943697;1692721152,0;1692695756,8;1399193,6;7087718,4;transformer.h.10.attn.c_attn.weight;weight;(768, 2304);1769472;16;1769472;0,00390625;1.2716618584818209e-06;0,0003235894967842;4.811215148947667e-06;0,001224270963688;1351726;1,3090463599871571;23,60851146556713;6,11131908275463;True
0,0007239400008984;0,00010666000016494;1663038259,2;1660674048,0;19660,8;2457,6;transformer.h.10.attn.c_proj.bias;bias;(768,);768;8;1536;7.741506793500651e-06;4.481959942070901e-12;2.1387431534299817e-08;4.481959942070901e-12;2.1387431534299817e-08;1164;1,3195876288659794;24,21875;12,125;True
0,00043857999989992005;0,00021767999933214002;1655947264,0;1655947264,0;18841,6;0,0;transformer.h.10.attn.c_proj.bias;bias;(768,);768;16;1536;7.741506793500651e-06;4.481959942070901e-12;2.1387431534299817e-08;4.481959942070901e-12;2.1387431534299817e-08;1169;1,3139435414884515;23,893229166666675;12,177083333333334;True
0,14262589999998448;0,03758667999936728;1663034163,2;1665399193,6;23756,8;2365030,4;transformer.h.10.attn.c_proj.weight;weight;(768, 768);589824;8;589824;0,00390625;1.2710247574432287e-06;0,0007559553904895;1.2955977126694052e-06;0,0007705704149843;406330;1,451588610242906;31,1099582248264;5,511203342013889;True
0,1601275199995143;0,04063496000017034;1670125158,4;1670124339,2;19660,8;2362572,8;transformer.h.10.attn.c_proj.weight;weight;(768, 768);589824;16;589824;0,00390625;1.2710247574432287e-06;0,0007559553904895;1.2955977126694052e-06;0,0007705704149843;405515;1,45450599854506;31,248135036892357;5,500149197048611;True
0,0005378200010454201;0,00015911999944358;1655948902,4;1655949721,6;19660,8;819,2;transformer.h.10.ln_1.bias;bias;(768,);768;8;1536;8.16300838851567e-05;5.186507334720146e-10;3.143540779419326e-08;5.186507334720146e-10;3.143540779419326e-08;1098;1,3989071038251366;28,515625;11,4375;True
0,00049109999963544;0,00018219999983552;1655946444,8;1655949721,6;17203,2;3276,8;transformer.h.10.ln_1.bias;bias;(768,);768;16;1536;8.16300838851567e-05;5.186507334720146e-10;3.143540779419326e-08;5.186507334720146e-10;3.143540779419326e-08;1102;1,3938294010889292;28,255208333333325;11,479166666666666;True
0,00014707999871456;5.213999975239858e-05;1655947264,0;1655948083,2;18841,6;819,2;transformer.h.10.ln_1.weight;norm_weight;(768,);768;8;1536;0,3040602058045214;0,0009022668818943;0,0241726131033299;0,0009022668818943;0,0241726131033299;21;73,14285714285714;98,6328125;0,21875;True
0,00013312000010043222;6.034000107320025e-05;1655948083,2;1655947264,0;19660,8;-819.2;transformer.h.10.ln_1.weight;norm_weight;(768,);768;16;1536;0,3040602058045214;0,0009022668818943;0,0241726131033299;0,0009022668818943;0,0241726131033299;22;69,81818181818181;98,56770833333334;0,2291666666666666;True
0,00048459999961772;0,00019467999954936;1712750592,0;1712750592,0;19660,8;0,0;transformer.h.10.ln_2.bias;bias;(768,);768;8;1536;0,0001013573562723;8.003080420593277e-10;5.7132815115206265e-08;8.003080420593277e-10;5.7132815115206265e-08;790;1,9443037974683544;48,56770833333333;8,229166666666666;True
0,00058465999973118;0,00014882000032224;1712748953,6;1712750592,0;18022,4;1638,4;transformer.h.10.ln_2.bias;bias;(768,);768;16;1536;0,0001013573562723;8.003080420593277e-10;5.7132815115206265e-08;8.003080420593277e-10;5.7132815115206265e-08;798;1,924812030075188;48,046875;8,3125;True
0,00047216000093606005;0,00016845999998618;1712749772,8;1712750592,0;18841,6;4915,2;transformer.h.10.ln_2.weight;norm_weight;(768,);768;8;1536;3.6066009984842485e-05;1.0089983709660187e-10;5.2897590553564086e-08;1.0089983709660187e-10;5.2897590553564086e-08;1432;1,0726256983240223;6,7708333333333375;14,916666666666666;True
0,00053352000104492;0,00025373999960715996;1712751411,2;1712748953,6;20480,0;-2457.6;transformer.h.10.ln_2.weight;norm_weight;(768,);768;16;1536;3.6066009984842485e-05;1.0089983709660187e-10;5.2897590553564086e-08;1.0089983709660187e-10;5.2897590553564086e-08;1437;1,068893528183716;6,445312499999989;14,96875;True
0,0019124400001600602;0,0004991600006178;1712755507,2;1703312588,8;19660,8;18022,4;transformer.h.10.mlp.c_fc.bias;bias;(3072,);3072;8;6144;2.032152512352367e-05;3.297869963225786e-11;2.9254132495468973e-09;3.297869963225786e-11;2.9254132495468973e-09;5630;1,0912966252220249;8,365885416666663;14,661458333333334;True
0,0021932000003289003;0,00073533999966454;1684431667,2;1684430848,0;19660,8;-819.2;transformer.h.10.mlp.c_fc.bias;bias;(3072,);3072;16;6144;2.032152512352367e-05;3.297869963225786e-11;2.9254132495468973e-09;3.297869963225786e-11;2.9254132495468973e-09;5646;1,0882040382571732;8,10546875;14,703125;True
0,5973866400003317;0,15658315999971814;1714352947,2;1723756544,0;1784217,6;9438003,2;transformer.h.10.mlp.c_fc.weight;weight;(768, 3072);2359296;8;2359296;0,00390625;1.272090116799518e-06;0,0006134177403472;1.2762457117787562e-06;0,0006154216201418;1672961;1,4102516436426191;29,09066942003039;5,67274644639757;True
0,672382299999299;0,17030716000008397;1742764441,6;1742739865,6;1816985,6;9456025,6;transformer.h.10.mlp.c_fc.weight;weight;(768, 3072);2359296;16;2359296;0,00390625;1.272090116799518e-06;0,0006134177403472;1.2762457117787562e-06;0,0006154216201418;1670309;1,412490742730836;29,20307583279079;5,663753933376736;True
0,00041423999937245995;0,00021089999936516;1741074432,0;1731631513,6;20480,0;18841,6;transformer.h.10.mlp.c_proj.bias;bias;(768,);768;8;1536;5.4653596415260535e-05;2.3663204729018616e-10;9.743626633659645e-09;2.3663204729018616e-10;9.743626633659645e-09;1325;1,159245283018868;13,736979166666677;13,802083333333334;True
0,00059141999954584;0,00012861999930460002;1712748953,6;1712750592,0;18841,6;1638,4;transformer.h.10.mlp.c_proj.bias;bias;(768,);768;16;1536;5.4653596415260535e-05;2.3663204729018616e-10;9.743626633659645e-09;2.3663204729018616e-10;9.743626633659645e-09;1330;1,1548872180451129;13,411458333333336;13,854166666666666;True
0,5704433399994742;0,14979982000077138;1742736588,8;1752135270,4;1684275,2;9441280,0;transformer.h.10.mlp.c_proj.weight;weight;(3072, 768);2359296;8;2359296;0,00390625;1.2712810075754533e-06;0,0007202000152297;8.352753502549604e-05;0,0473196182740069;1621915;1,4546360320978595;31,25428093804253;5,499657524956597;True
0,6375785200012615;0,16184634000019285;1771050598,4;1771020288,0;1672806,4;9453568,0;transformer.h.10.mlp.c_proj.weight;weight;(3072, 768);2359296;16;2359296;0,00390625;1.2712810075754533e-06;0,0007202000152297;8.352753502549604e-05;0,0473196182740069;1619622;1,4566954511608263;31,351470947265625;5,49188232421875;True
0,00104831999997254;0,00032368000029232;1755244134,4;1748162150,4;19660,8;15564,8;transformer.h.11.attn.c_attn.bias;bias;(2304,);2304;8;4608;5.454803541162952e-05;2.395152687295621e-10;3.178900306149495e-09;2.395152687295621e-10;3.178900306149495e-09;3208;1,4364089775561095;30,381944444444443;11,13888888888889;True
0,00134100000068424;0,00039218000092654004;1733999001,6;1733999001,6;20480,0;0,0;transformer.h.11.attn.c_attn.bias;bias;(2304,);2304;16;4608;5.454803541162952e-05;2.395152687295621e-10;3.178900306149495e-09;2.395152687295621e-10;3.178900306149495e-09;3218;1,4319453076444997;30,16493055555556;11,17361111111111;True
0,486804139999731;0,12775897999963487;1756614656,0;1763678617,6;1400012,8;7081984,0;transformer.h.11.attn.c_attn.weight;weight;(768, 2304);1769472;8;1769472;0,00390625;1.270249185836292e-06;0,0003143408306886;1.993395562749356e-05;0,004932934608993;1353111;1,307706463106131;23,530239529079864;6,117580837673611;True
0,5557567999996536;0,14205100000181117;1777872076,8;1777841766,4;1405747,2;7086080,0;transformer.h.11.attn.c_attn.weight;weight;(768, 2304);1769472;16;1769472;0,00390625;1.270249185836292e-06;0,0003143408306886;1.993395562749356e-05;0,004932934608993;1352439;1,3083562363995715;23,568216959635425;6,114542643229167;True
0,00066409999999446;0,00011434000043657999;1748169523,2;1745807769,6;18841,6;9011,2;transformer.h.11.attn.c_proj.bias;bias;(768,);768;8;1536;5.003219487817274e-06;1.9811669665914518e-12;4.2612831250700485e-08;1.9811669665914518e-12;4.2612831250700485e-08;1047;1,4670487106017192;31,8359375;10,90625;True
0,00048042000125856;0,0001348400008282;1741080166,4;1741079347,2;19660,8;1638,4;transformer.h.11.attn.c_proj.bias;bias;(768,);768;16;1536;5.003219487817274e-06;1.9811669665914518e-12;4.2612831250700485e-08;1.9811669665914518e-12;4.2612831250700485e-08;1053;1,4586894586894588;31,4453125;10,96875;True
0,1426961200006189;0,03786229999896018;1748171161,6;1750533734,4;20480,0;2362572,8;transformer.h.11.attn.c_proj.weight;weight;(768, 768);589824;8;589824;0,00390625;1.2717678146145772e-06;0,0006666190505037;1.5690889995312318e-05;0,0082246508128559;409139;1,4416225292626712;30,633714463975704;5,549302842881945;True
0,16156668000039642;0,04147822000013544;1755258880,0;1755259699,2;18022,4;2364211,2;transformer.h.11.attn.c_proj.weight;weight;(768, 768);589824;16;589824;0,00390625;1.2717678146145772e-06;0,0006666190505037;1.5690889995312318e-05;0,0082246508128559;408511;1,443838721601132;30,740186903211807;5,540785047743055;True
0,00038773999986002;0,0001956799998879;1741080166,4;1741080985,6;19660,8;819,2;transformer.h.11.ln_1.bias;bias;(768,);768;8;1536;9.06427625314286e-05;6.437546051785147e-10;3.300847156488207e-08;6.437546051785147e-10;3.300847156488207e-08;1147;1,3391455972101134;25,325520833333336;11,947916666666666;True
0,0005792000010842;0,00017772000064722;1741079347,2;1741080985,6;18841,6;1638,4;transformer.h.11.ln_1.bias;bias;(768,);768;16;1536;9.06427625314286e-05;6.437546051785147e-10;3.300847156488207e-08;6.437546051785147e-10;3.300847156488207e-08;1152;1,3333333333333333;25,0;12,0;True
0,00066253999975738;0,00016312000007014002;1741080985,6;1741080166,4;20480,0;-819.2;transformer.h.11.ln_1.weight;norm_weight;(768,);768;8;1536;3.8068233008197896e-05;1.1735329374928938e-10;2.988433985267613e-08;1.1735329374928938e-10;2.988433985267613e-08;1395;1,1010752688172043;9,1796875;14,53125;True
0,00058031999942608;0,00015403999932454;1741080166,4;1741080166,4;19660,8;0,0;transformer.h.11.ln_1.weight;norm_weight;(768,);768;16;1536;3.8068233008197896e-05;1.1735329374928938e-10;2.988433985267613e-08;1.1735329374928938e-10;2.988433985267613e-08;1399;1,097927090779128;8,919270833333325;14,572916666666666;True
0,00064481999943376;0,00016672000056128;1797721292,8;1797722112,0;18841,6;819,2;transformer.h.11.ln_2.bias;bias;(768,);768;8;1536;4.45567975916844e-05;1.6009664427496515e-10;8.318109306813845e-09;1.6009664427496515e-10;8.318109306813845e-09;1341;1,145413870246085;12,6953125;13,96875;True
0,0007614399997691601;0,00023920000094216;1797722112,0;1797722112,0;19660,8;0,0;transformer.h.11.ln_2.bias;bias;(768,);768;16;1536;4.45567975916844e-05;1.6009664427496515e-10;8.318109306813845e-09;1.6009664427496515e-10;8.318109306813845e-09;1346;1,1411589895988112;12,369791666666664;14,020833333333334;True
0,0005876200004422;0,00018558000083425998;1797722931,2;1797722112,0;20480,0;-819.2;transformer.h.11.ln_2.weight;norm_weight;(768,);768;8;1536;5.758789889724218e-05;2.621404204816713e-10;9.936594608628064e-09;2.621404204816713e-10;9.936594608628064e-09;1410;1,0893617021276596;8,203125;14,6875;True
0,00055751999971102;0,00016258000032388;1797722112,0;1797721292,8;19660,8;2457,6;transformer.h.11.ln_2.weight;norm_weight;(768,);768;16;1536;5.758789889724218e-05;2.621404204816713e-10;9.936594608628064e-09;2.621404204816713e-10;9.936594608628064e-09;1415;1,085512367491166;7,8776041666666625;14,739583333333334;True
0,00169243999916938;0,0005886600003577401;1797730304,0;1788288204,8;19660,8;18841,6;transformer.h.11.mlp.c_fc.bias;bias;(3072,);3072;8;6144;2.6612536461970863e-05;5.7317848384252905e-11;4.128866831786477e-09;5.7317848384252905e-11;4.128866831786477e-09;5499;1,117294053464266;10,49804687499999;14,3203125;True
0,00204137999971858;0,0006403799998224199;1769406464,0;1769407283,2;19660,8;819,2;transformer.h.11.mlp.c_fc.bias;bias;(3072,);3072;16;6144;2.6612536461970863e-05;5.7317848384252905e-11;4.128866831786477e-09;5.7317848384252905e-11;4.128866831786477e-09;5513;1,1144567386178124;10,270182291666664;14,356770833333334;True
0,5887373000005027;0,15299625999978156;1799426048,0;1808814899,2;1726054,4;9442918,4;transformer.h.11.mlp.c_fc.weight;weight;(768, 3072);2359296;8;2359296;0,00390625;1.2705767176157678e-06;0,0006483726480634;5.392912953539053e-06;0,0027519922283976;1648529;1,4311522575581015;30,12623257107204;5,589901394314236;True
0,6525498000009975;0,1663575799990212;1827718758,4;1827691724,8;1692467,2;9460121,6;transformer.h.11.mlp.c_fc.weight;weight;(768, 3072);2359296;16;2359296;0,00390625;1.2705767176157678e-06;0,0006483726480634;5.392912953539053e-06;0,0027519922283976;1645565;1,433730056242081;30,25186326768663;5,57985093858507;True
0,00051897999946956;0,00014840000003456;1826045952,0;1816604672,0;19660,8;19660,8;transformer.h.11.mlp.c_proj.bias;bias;(768,);768;8;1536;4.184665210442073e-05;1.3721453140380646e-10;9.574682358319334e-09;1.3721453140380646e-10;9.574682358319334e-09;1314;1,1689497716894977;14,453125;13,6875;True
0,0006393000003299;0,000130380000337;1797722931,2;1797722112,0;20480,0;-819.2;transformer.h.11.mlp.c_proj.bias;bias;(768,);768;16;1536;4.184665210442073e-05;1.3721453140380646e-10;9.574682358319334e-09;1.3721453140380646e-10;9.574682358319334e-09;1320;1,1636363636363636;14,0625;13,75;True
0,5547508800002106;0,1456890200010093;1827644211,2;1837084672,0;1617920,0;9440460,8;transformer.h.11.mlp.c_proj.weight;weight;(3072, 768);2359296;8;2359296;0,00390625;1.2716988067040802e-06;0,0007904385063948;4.0482173062628135e-05;0,0251621439310572;1593976;1,480132699614047;32,43849012586806;5,404920789930555;True
0,615082439998514;0,1568937200005166;1855983616,0;1855963136,0;1633484,8;9459302,4;transformer.h.11.mlp.c_proj.weight;weight;(3072, 768);2359296;16;2359296;0,00390625;1.2716988067040802e-06;0,0007904385063948;4.0482173062628135e-05;0,0251621439310572;1590937;1,4829600417866955;32,56729973687066;5,394616021050347;True
0,00113735999912018;0,00028487999952625997;989622272,0;982539468,8;20480,0;18022,4;transformer.h.2.attn.c_attn.bias;bias;(2304,);2304;8;4608;7.168692826715791e-05;4.265875430675692e-10;5.012377900252449e-09;4.265875430675692e-10;5.012377900252449e-09;3009;1,531405782652044;34,700520833333336;10,447916666666666;True
0,0010685799992643;0,00037159999992576;968380416,0;968380416,0;19660,8;0,0;transformer.h.2.attn.c_attn.bias;bias;(2304,);2304;16;4608;7.168692826715791e-05;4.265875430675692e-10;5.012377900252449e-09;4.265875430675692e-10;5.012377900252449e-09;3017;1,527345044746437;34,52690972222222;10,475694444444445;True
0,48718072000119717;0,12898013999947575;990997708,8;998063308,8;1403289,6;7086080,0;transformer.h.2.attn.c_attn.weight;weight;(768, 2304);1769472;8;1769472;0,00390625;1.2719980304609637e-06;0,0002979433484159;4.355607870820677e-06;0,0010202251594279;1361374;1,2997692037603186;23,06326406973379;6,154938874421297;True
0,5564034000002721;0,14116121999904857;1012242022,4;1012227276,8;1398374,4;7096729,6;transformer.h.2.attn.c_attn.weight;weight;(768, 2304);1769472;16;1769472;0,00390625;1.2719980304609637e-06;0,0002979433484159;4.355607870820677e-06;0,0010202251594279;1361504;1,2996450983618115;23,05591724537037;6,15552662037037;True
0,00051779999994318;0,00018152000047844;982563225,6;980198195,2;20480,0;2457,6;transformer.h.2.attn.c_proj.bias;bias;(768,);768;8;1536;8.94894214896173e-06;6.193228221929026e-12;6.882385468293988e-09;6.193228221929026e-12;6.882385468293988e-09;1334;1,151424287856072;13,151041666666664;13,895833333333334;True
0,0005000799996196;0,00021957999997537997;975471411,2;975473049,6;18841,6;1638,4;transformer.h.2.attn.c_proj.bias;bias;(768,);768;16;1536;8.94894214896173e-06;6.193228221929026e-12;6.882385468293988e-09;6.193228221929026e-12;6.882385468293988e-09;1339;1,147124719940254;12,825520833333323;13,947916666666666;True
0,14122134000062941;0,03734548000065836;982553395,2;984916787,2;20480,0;2363392,0;transformer.h.2.attn.c_proj.weight;weight;(768, 768);589824;8;589824;0,00390625;1.271484052267624e-06;0,0006975909239915;1.271484052267624e-06;0,0006975909239915;408387;1,4442771194969477;30,761210123697914;5,539103190104167;True
0,15785969999997174;0,0403663800003414;989653401,6;989179904,0;30310,4;1889894,4;transformer.h.2.attn.c_proj.weight;weight;(768, 768);589824;16;589824;0,00390625;1.271484052267624e-06;0,0006975909239915;1.271484052267624e-06;0,0006975909239915;407558;1,4472148749380456;30,901760525173604;5,527859157986111;True
0,00041783999986359994;0,0002172400003473;975473049,6;975472230,4;20480,0;-819.2;transformer.h.2.ln_1.bias;bias;(768,);768;8;1536;4.4821810062440605e-05;1.5018455923332394e-10;1.0449825698548594e-08;1.5018455923332394e-10;1.0449825698548594e-08;1299;1,1824480369515011;15,4296875;13,53125;True
0,00047641999990442;0,00012869999991374;975472230,4;975471411,2;19660,8;-819.2;transformer.h.2.ln_1.bias;bias;(768,);768;16;1536;4.4821810062440605e-05;1.5018455923332394e-10;1.0449825698548594e-08;1.5018455923332394e-10;1.0449825698548594e-08;1304;1,177914110429448;15,104166666666677;13,583333333333334;True
0,00044206000020491994;0,00015709999934184;975472230,4;975472230,4;19660,8;0,0;transformer.h.2.ln_1.weight;norm_weight;(768,);768;8;1536;0,0001653021870627;2.1720787390933083e-09;5.2840327407586064e-08;2.1720787390933083e-09;5.2840327407586064e-08;1236;1,2427184466019416;19,53124999999999;12,875;True
0,00050667999894352;0,00015518000072909998;975473049,6;975473049,6;20480,0;0,0;transformer.h.2.ln_1.weight;norm_weight;(768,);768;16;1536;0,0001653021870627;2.1720787390933083e-09;5.2840327407586064e-08;2.1720787390933083e-09;5.2840327407586064e-08;1241;1,2377115229653506;19,205729166666675;12,927083333333334;True
0,00051399999938434;0,00017715999856586;1032111718,4;1032111718,4;19660,8;0,0;transformer.h.2.ln_2.bias;bias;(768,);768;8;1536;1.3551083954931846e-05;1.4068072227979568e-11;1.6292892325557693e-08;1.4068072227979568e-11;1.6292892325557693e-08;1258;1,2209856915739268;18,098958333333325;13,104166666666666;True
0,00051162000017936;0,00023334000070458;1032112537,6;1032110899,2;20480,0;-1638.4;transformer.h.2.ln_2.bias;bias;(768,);768;16;1536;1.3551083954931846e-05;1.4068072227979568e-11;1.6292892325557693e-08;1.4068072227979568e-11;1.6292892325557693e-08;1264;1,2151898734177216;17,708333333333336;13,166666666666666;True
0,00062861999977026;0,00018187999958167999;1032111718,4;1032110899,2;19660,8;-819.2;transformer.h.2.ln_2.weight;norm_weight;(768,);768;8;1536;3.929447749608006e-05;1.2148618222518334e-10;3.0011349296526097e-08;1.2148618222518334e-10;3.0011349296526097e-08;1294;1,187017001545595;15,755208333333323;13,479166666666666;True
0,00061364000066528;0,00023337999955398;1032112537,6;1032112537,6;20480,0;0,0;transformer.h.2.ln_2.weight;norm_weight;(768,);768;16;1536;3.929447749608006e-05;1.2148618222518334e-10;3.0011349296526097e-08;1.2148618222518334e-10;3.0011349296526097e-08;1299;1,1824480369515011;15,4296875;13,53125;True
0,0017241800007468;0,00046013999963176005;1032120729,6;1022679449,6;20480,0;18841,6;transformer.h.2.mlp.c_fc.bias;bias;(3072,);3072;8;6144;3.253775601639893e-05;8.631697440142361e-11;5.463264788431651e-09;8.631697440142361e-11;5.463264788431651e-09;5359;1,1464825527150588;12,776692708333336;13,955729166666666;True
0,0021008200004871197;0,00054208000001376;1003796889,6;1003794432,0;20480,0;-2457.6;transformer.h.2.mlp.c_fc.bias;bias;(3072,);3072;16;6144;3.253775601639893e-05;8.631697440142361e-11;5.463264788431651e-09;8.631697440142361e-11;5.463264788431651e-09;5374;1,1432824711574243;12,532552083333323;13,994791666666666;True
0,6336640399989847;0,1670980800008692;1033912320,0;1043317555,2;1820262,4;9440460,8;transformer.h.2.mlp.c_fc.weight;weight;(768, 3072);2359296;8;2359296;0,00390625;1.2718165862679598e-06;0,0003780892138004;5.123451046529226e-06;0,0015231139450788;1762508;1,3386015836523864;25,29517279730903;5,976386176215278;True
0,7148203200005809;0,18269766000012166;1062236979,2;1062197657,6;1821081,6;9456844,8;transformer.h.2.mlp.c_fc.weight;weight;(768, 3072);2359296;16;2359296;0,00390625;1.2718165862679598e-06;0,0003780892138004;5.123451046529226e-06;0,0015231139450788;1759932;1,3405608853069324;25,40435791015625;5,9676513671875;True
0,0005613399996945601;0,00016383999900422002;1060435558,4;1050994278,4;19660,8;19660,8;transformer.h.2.mlp.c_proj.bias;bias;(768,);768;8;1536;2.488969451336869e-05;4.814312837275736e-11;6.4725384098015025e-09;4.814312837275736e-11;6.4725384098015025e-09;1355;1,133579335793358;11,783854166666664;14,114583333333334;True
0,00073106000054388;0,00012889999998146002;1032111718,4;1032111718,4;19660,8;0,0;transformer.h.2.mlp.c_proj.bias;bias;(768,);768;16;1536;2.488969451336869e-05;4.814312837275736e-11;6.4725384098015025e-09;4.814312837275736e-11;6.4725384098015025e-09;1361;1,1285819250551066;11,393229166666677;14,177083333333334;True
0,6143462799998816;0,1625804199997219;1062205849,6;1071618457,6;1789952,0;9442099,2;transformer.h.2.mlp.c_proj.weight;weight;(3072, 768);2359296;8;2359296;0,00390625;1.2709035672742177e-06;0,0003969265641735;0,0001723114983178;0,0538160508445131;1737476;1,357886957863015;26,356167263454854;5,891506618923611;True
0,6984465000008641;0,17851956000013156;1090514944,0;1090496102,4;1775206,4;9453568,0;transformer.h.2.mlp.c_proj.weight;weight;(3072, 768);2359296;16;2359296;0,00390625;1.2709035672742177e-06;0,0003969265641735;0,0001723114983178;0,0538160508445131;1735665;1,3593037827000023;26,432927449544263;5,885365804036458;True
0,00108121999874124;0,00027414000069251996;1074599526,4;1067518361,6;19660,8;20480,0;transformer.h.3.attn.c_attn.bias;bias;(2304,);2304;8;4608;6.458909596696463e-05;3.26289745222752e-10;5.4846159121087e-09;3.26289745222752e-10;5.4846159121087e-09;3165;1,4559241706161137;31,315104166666664;10,989583333333334;True
0,00137295999957128;0,00043132000064356;1053357670,4;1053358489,6;19660,8;819,2;transformer.h.3.attn.c_attn.bias;bias;(2304,);2304;16;4608;6.458909596696463e-05;3.26289745222752e-10;5.4846159121087e-09;3.26289745222752e-10;5.4846159121087e-09;3174;1,45179584120983;31,119791666666675;11,020833333333334;True
0,4824455000001763;0,1275088000002142;1075983974,4;1083029913,6;1408204,8;7083622,4;transformer.h.3.attn.c_attn.weight;weight;(768, 2304);1769472;8;1769472;0,00390625;1.271713585992984e-06;0,0003169477913809;3.0060430162848206e-06;0,0007491928255713;1349633;1,3110764185523027;23,726795337818285;6,101856372974537;True
0,5502213800005847;0,1399112799997965;1097216000,0;1097193881,6;1394278,4;7090995,2;transformer.h.3.attn.c_attn.weight;weight;(768, 2304);1769472;16;1769472;0,00390625;1.271713585992984e-06;0,0003169477913809;3.0060430162848206e-06;0,0007491928255713;1349487;1,3112182629399172;23,73504638671875;6,1011962890625;True
0,00064113999978868;0,00011960000047105999;1067529830,4;1065168076,8;18841,6;4915,2;transformer.h.3.attn.c_proj.bias;bias;(768,);768;8;1536;1.0619762333989716e-05;8.695339587250217e-12;6.674756870221982e-09;8.695339587250217e-12;6.674756870221982e-09;1347;1,1403118040089086;12,3046875;14,03125;True
0,00048079999978647997;0,00018968000003948;1060439654,4;1060440473,6;18841,6;819,2;transformer.h.3.attn.c_proj.bias;bias;(768,);768;16;1536;1.0619762333989716e-05;8.695339587250217e-12;6.674756870221982e-09;8.695339587250217e-12;6.674756870221982e-09;1354;1,134416543574594;11,848958333333336;14,104166666666666;True
0,13873545999958875;0,03690685999972624;1067529830,4;1068948684,8;19660,8;1418854,4;transformer.h.3.attn.c_proj.weight;weight;(768, 768);589824;8;589824;0,00390625;1.2707537280221004e-06;0,0008436157830669;2.1504708911379566e-06;0,0014276339661925;399788;1,4753419312235485;32,21910264756944;5,422471788194445;True
0,15371799999993524;0,039029600001231256;1074620825,6;1074619187,2;19660,8;2361753,6;transformer.h.3.attn.c_proj.weight;weight;(768, 768);589824;16;589824;0,00390625;1.2707537280221004e-06;0,0008436157830669;2.1504708911379566e-06;0,0014276339661925;399104;1,4778704297626684;32,33506944444444;5,413194444444445;True
0,00048909999968596;0,00019277999890614;1060439654,4;1060441292,8;18841,6;1638,4;transformer.h.3.ln_1.bias;bias;(768,);768;8;1536;5.900052911136788e-05;2.780912999877927e-10;2.23754604427822e-08;2.780912999877927e-10;2.23754604427822e-08;1222;1,2569558101472995;20,442708333333336;12,729166666666666;True
0,00055929999944052;0,00021036000034652;1060439654,4;1060440473,6;18841,6;819,2;transformer.h.3.ln_1.bias;bias;(768,);768;16;1536;5.900052911136788e-05;2.780912999877927e-10;2.23754604427822e-08;2.780912999877927e-10;2.23754604427822e-08;1226;1,2528548123980423;20,182291666666664;12,770833333333334;True
0,00054917999950696;0,000183579998702;1060439654,4;1060439654,4;18841,6;0,0;transformer.h.3.ln_1.weight;norm_weight;(768,);768;8;1536;0,000154086237189;1.7943427854660852e-09;4.912042131750735e-08;1.7943427854660852e-09;4.912042131750735e-08;1202;1,2778702163061564;21,744791666666664;12,520833333333334;True
0,00053413999994514;0,00018168000024154;1060438835,2;1060440473,6;18022,4;1638,4;transformer.h.3.ln_1.weight;norm_weight;(768,);768;16;1536;0,000154086237189;1.7943427854660852e-09;4.912042131750735e-08;1.7943427854660852e-09;4.912042131750735e-08;1207;1,2725766362883182;21,419270833333336;12,572916666666666;True
0,00054098000036896;0,00019202000112268001;1117069312,0;1117070131,2;18841,6;4096,0;transformer.h.3.ln_2.bias;bias;(768,);768;8;1536;1.1127767599093198e-05;9.896346762905406e-12;9.345983387575548e-09;9.896346762905406e-12;9.345983387575548e-09;1271;1,2084972462627852;17,252604166666664;13,239583333333334;True
0,0004935999990265799;0,00020358000037954;1117070950,4;1117070131,2;20480,0;-819.2;transformer.h.3.ln_2.bias;bias;(768,);768;16;1536;1.1127767599093198e-05;9.896346762905406e-12;9.345983387575548e-09;9.896346762905406e-12;9.345983387575548e-09;1277;1,202819107282694;16,861979166666675;13,302083333333334;True
0,00045909999971622;0,00017106000086638;1117070950,4;1117070950,4;20480,0;0,0;transformer.h.3.ln_2.weight;norm_weight;(768,);768;8;1536;3.933792581343387e-05;1.2532976045864783e-10;3.4051973058221684e-08;1.2532976045864783e-10;3.4051973058221684e-08;1308;1,1743119266055049;14,84375;13,625;True
0,00051777999979088;0,00024160000102708;1117068492,8;1117070131,2;18022,4;1638,4;transformer.h.3.ln_2.weight;norm_weight;(768,);768;16;1536;3.933792581343387e-05;1.2532976045864783e-10;3.4051973058221684e-08;1.2532976045864783e-10;3.4051973058221684e-08;1313;1,16984006092917;14,518229166666677;13,677083333333334;True
0,0017513999991933;0,00048222000186792;1117087334,4;1107647692,8;18022,4;19660,8;transformer.h.3.mlp.c_fc.bias;bias;(3072,);3072;8;6144;2.8230492416067088e-05;6.594125939729523e-11;4.959756249920506e-09;6.594125939729523e-11;4.959756249920506e-09;5478;1,12157721796276;10,83984375;14,265625;True
0,00198541999852746;0,0007735599996521599;1088765132,8;1088765952,0;19660,8;819,2;transformer.h.3.mlp.c_fc.bias;bias;(3072,);3072;16;6144;2.8230492416067088e-05;6.594125939729523e-11;4.959756249920506e-09;6.594125939729523e-11;4.959756249920506e-09;5492;1,1187181354697742;10,611979166666664;14,302083333333334;True
0,631960699998308;0,16570320000028;1118875648,0;1128276787,2;1815347,2;9441280,0;transformer.h.3.mlp.c_fc.weight;weight;(768, 3072);2359296;8;2359296;0,00390625;1.271051587536931e-06;0,0004036852013754;1.5192404134722892e-06;0,0004825098196358;1756258;1,3433652686564277;25,560082329644096;5,955193413628472;True
0,7183332799999335;0,18273553999970313;1147183923,2;1147160985,6;1800601,6;9456844,8;transformer.h.3.mlp.c_fc.weight;weight;(768, 3072);2359296;16;2359296;0,00390625;1.271051587536931e-06;0,0004036852013754;1.5192404134722892e-06;0,0004825098196358;1753446;1,3455196225033448;25,67927042643229;5,945658365885417;True
0,000512819999858;0,00016468000030722;1145394790,4;1135951872,0;20480,0;14745,6;transformer.h.3.mlp.c_proj.bias;bias;(768,);768;8;1536;9.343992317919231e-06;6.8570531197575946e-12;1.0824781649198631e-09;6.8570531197575946e-12;1.0824781649198631e-09;1490;1,0308724832214766;2,994791666666674;15,520833333333334;True
0,00055371999987978;0,00018592000051277999;1117070131,2;1117070950,4;19660,8;819,2;transformer.h.3.mlp.c_proj.bias;bias;(768,);768;16;1536;9.343992317919231e-06;6.8570531197575946e-12;1.0824781649198631e-09;6.8570531197575946e-12;1.0824781649198631e-09;1495;1,0274247491638795;2,669270833333326;15,572916666666666;True
0,6086249600004521;0,16040175999951312;1147162624,0;1156571136,0;1777664,0;9442099,2;transformer.h.3.mlp.c_proj.weight;weight;(3072, 768);2359296;8;2359296;0,00390625;1.271523274226638e-06;0,0003888772694168;0,0004285129543859;0,1310545791721493;1721819;1,3702346181567284;27,01979743109809;5,838416205512153;True
0,6894235600004321;0,17516537999981657;1175479091,2;1175434035,2;1782579,2;9458483,2;transformer.h.3.mlp.c_proj.weight;weight;(3072, 768);2359296;16;2359296;0,00390625;1.271523274226638e-06;0,0003888772694168;0,0004285129543859;0,1310545791721493;1720104;1,3716007869291624;27,09248860677084;5,832600911458333;True
0,00110600000043626;0,00035786000007642004;1159524352,0;1152442368,0;18841,6;14745,6;transformer.h.4.attn.c_attn.bias;bias;(2304,);2304;8;4608;7.149129270588255e-05;4.205783499244831e-10;7.923143064051713e-09;4.205783499244831e-10;7.923143064051713e-09;3210;1,435514018691589;30,338541666666664;11,145833333333334;True
0,00122110000156678;0,00041992000042224005;1138281676,8;1138282496,0;18841,6;819,2;transformer.h.4.attn.c_attn.bias;bias;(2304,);2304;16;4608;7.149129270588255e-05;4.205783499244831e-10;7.923143064051713e-09;4.205783499244831e-10;7.923143064051713e-09;3220;1,431055900621118;30,12152777777778;11,180555555555555;True
0,4789260000005015;0,1250868399984028;1160916992,0;1167962931,2;1382809,6;7068876,8;transformer.h.4.attn.c_attn.weight;weight;(768, 2304);1769472;8;1769472;0,00390625;1.27066243749141e-06;0,0003301867232094;3.1504562230111333e-06;0,0008186586666908;1338858;1,3216278350654065;24,335734049479164;6,053141276041667;True
0,538614360000065;0,13776941999967676;1182136729,6;1182103142,4;1368883,2;7090176,0;transformer.h.4.attn.c_attn.weight;weight;(768, 2304);1769472;16;1769472;0,00390625;1.27066243749141e-06;0,0003301867232094;3.1504562230111333e-06;0,0008186586666908;1338881;1,3216051314493222;24,33443422670718;6,053245261863426;True
0,0008590599994931401;0,00016073999940994;1152453017,6;1150091264,0;18022,4;1638,4;transformer.h.4.attn.c_proj.bias;bias;(768,);768;8;1536;9.451409762595392e-06;7.117643280318831e-12;4.411279744501642e-09;7.117643280318831e-12;4.411279744501642e-09;1381;1,112237509051412;10,091145833333336;14,385416666666666;True
0,00052668000062108;0,00016279999981628;1145363660,8;1145353011,2;18841,6;1638,4;transformer.h.4.attn.c_proj.bias;bias;(768,);768;16;1536;9.451409762595392e-06;7.117643280318831e-12;4.411279744501642e-09;7.117643280318831e-12;4.411279744501642e-09;1387;1,1074260994953136;9,700520833333323;14,447916666666666;True
0,13190006000004356;0,03468865999966506;1152454656,0;1154817228,8;19660,8;2362572,8;transformer.h.4.attn.c_proj.weight;weight;(768, 768);589824;8;589824;0,00390625;1.269917902391171e-06;0,0010457731214738;1.269917902391171e-06;0,0010457731214738;386843;1,5247115754970362;34,41382514105903;5,246893988715278;True
0,1455529400001978;0,03718416000119754;1159544832,0;1159545651,2;19660,8;2364211,2;transformer.h.4.attn.c_proj.weight;weight;(768, 768);589824;16;589824;0,00390625;1.269917902391171e-06;0,0010457731214738;1.269917902391171e-06;0,0010457731214738;386015;1,527982073235496;34,55420600043403;5,235663519965278;True
0,00037998000043442;0,00022213999982336;1145351372,8;1145351372,8;18841,6;0,0;transformer.h.4.ln_1.bias;bias;(768,);768;8;1536;7.497267326761261e-05;4.372776307715043e-10;4.032741669357119e-08;4.372776307715043e-10;4.032741669357119e-08;1152;1,3333333333333333;25,0;12,0;True
0,00043903999976458;0,00018978000080092;1145352192,0;1145351372,8;19660,8;-819.2;transformer.h.4.ln_1.bias;bias;(768,);768;16;1536;7.497267326761261e-05;4.372776307715043e-10;4.032741669357119e-08;4.372776307715043e-10;4.032741669357119e-08;1156;1,328719723183391;24,739583333333325;12,041666666666666;True
0,00043333999929014;0,00018411999990344;1145353011,2;1145351372,8;20480,0;2457,6;transformer.h.4.ln_1.weight;norm_weight;(768,);768;8;1536;0,0001385862493072;1.4926847535789987e-09;5.371986448768969e-08;1.4926847535789987e-09;5.371986448768969e-08;1202;1,2778702163061564;21,744791666666664;12,520833333333334;True
0,00065350000004396;0,00013731999933945998;1145353011,2;1145353011,2;20480,0;0,0;transformer.h.4.ln_1.weight;norm_weight;(768,);768;16;1536;0,0001385862493072;1.4926847535789987e-09;5.371986448768969e-08;1.4926847535789987e-09;5.371986448768969e-08;1206;1,27363184079602;21,484375;12,5625;True
0,00041903999954226;0,00023426000043396002;1201990860,8;1201990860,8;18841,6;0,0;transformer.h.4.ln_2.bias;bias;(768,);768;8;1536;1.4559488265257538e-05;1.668004796784306e-11;1.0725315622793218e-08;1.668004796784306e-11;1.0725315622793218e-08;1271;1,2084972462627852;17,252604166666664;13,239583333333334;True
0,00048388000068365995;0,00014760000049132;1201991680,0;1201991680,0;19660,8;0,0;transformer.h.4.ln_2.bias;bias;(768,);768;16;1536;1.4559488265257538e-05;1.668004796784306e-11;1.0725315622793218e-08;1.668004796784306e-11;1.0725315622793218e-08;1277;1,202819107282694;16,861979166666675;13,302083333333334;True
0,00054342000075846;0,00016109999996838002;1201992499,2;1201991680,0;20480,0;-819.2;transformer.h.4.ln_2.weight;norm_weight;(768,);768;8;1536;3.085763395479488e-05;7.784365513296976e-11;4.0654914286052226e-08;7.784365513296976e-11;4.0654914286052226e-08;1387;1,1074260994953136;9,700520833333323;14,447916666666666;True
0,0005369799997424201;0,0001863800003775;1201990860,8;1201992499,2;18841,6;5734,4;transformer.h.4.ln_2.weight;norm_weight;(768,);768;16;1536;3.085763395479488e-05;7.784365513296976e-11;4.0654914286052226e-08;7.784365513296976e-11;4.0654914286052226e-08;1392;1,103448275862069;9,375;14,5;True
0,00195149999999552;0,00046535999936164;1201999872,0;1192558592,0;19660,8;19660,8;transformer.h.4.mlp.c_fc.bias;bias;(3072,);3072;8;6144;3.3926895948200274e-05;9.320377802879419e-11;7.79647636160329e-09;9.320377802879419e-11;7.79647636160329e-09;5230;1,1747609942638624;14,876302083333336;13,619791666666666;True
0,00197616000150444;0,00059858000022356;1173676032,0;1173676851,2;19660,8;819,2;transformer.h.4.mlp.c_fc.bias;bias;(3072,);3072;16;6144;3.3926895948200274e-05;9.320377802879419e-11;7.79647636160329e-09;9.320377802879419e-11;7.79647636160329e-09;5245;1,1714013346043852;14,632161458333336;13,658854166666666;True
0,6355374199993093;0,16586325999960533;1203798016,0;1213192601,6;1825996,8;9439641,6;transformer.h.4.mlp.c_fc.weight;weight;(768, 3072);2359296;8;2359296;0,00390625;1.2710737564702868e-06;0,0004004977309475;1.3643134479934815e-06;0,0004298762659846;1759519;1,3408755461009514;25,42186313205295;5,966250949435764;True
0,7196733000004315;0,18441190000085042;1232103014,4;1232071884,8;1807155,2;9456025,6;transformer.h.4.mlp.c_fc.weight;weight;(768, 3072);2359296;16;2359296;0,00390625;1.2710737564702868e-06;0,0004004977309475;1.3643134479934815e-06;0,0004298762659846;1756589;1,343112133800223;25,54605272081163;5,95631578233507;True
0,0005706399999325601;0,00013400000025281999;1230316339,2;1220875059,2;20480,0;20480,0;transformer.h.4.mlp.c_proj.bias;bias;(768,);768;8;1536;6.9382361315674805e-06;3.783297026355159e-12;1.2155932918465683e-09;3.783297026355159e-12;1.2155932918465683e-09;1478;1,0392422192151556;3,776041666666663;15,395833333333334;True
0,0006163600002764399;0,00014582000076184;1201992499,2;1201992499,2;20480,0;0,0;transformer.h.4.mlp.c_proj.bias;bias;(768,);768;16;1536;6.9382361315674805e-06;3.783297026355159e-12;1.2155932918465683e-09;3.783297026355159e-12;1.2155932918465683e-09;1484;1,0350404312668464;3,385416666666674;15,458333333333334;True
0,6044238600006793;0,1598671000007016;1232058777,6;1241477939,2;1762918,4;9442918,4;transformer.h.4.mlp.c_proj.weight;weight;(3072, 768);2359296;8;2359296;0,00390625;1.2709303973679198e-06;0,0004389604538007;6.986825610511005e-05;0,0241314563485767;1718164;1,3731494781639004;27,17471652560764;5,826022677951389;True
0,686830419999751;0,1749647000004188;1260372787,2;1260360499,2;1753088,0;9456025,6;transformer.h.4.mlp.c_proj.weight;weight;(3072, 768);2359296;16;2359296;0,00390625;1.2709303973679198e-06;0,0004389604538007;6.986825610511005e-05;0,0241314563485767;1716502;1,3744790276970258;27,245161268446186;5,820387098524305;True
0,00105805999919534;0,00037513999923246;1244478668,8;1237397504,0;19660,8;20480,0;transformer.h.5.attn.c_attn.bias;bias;(2304,);2304;8;4608;4.520025772331207e-05;1.618838396666433e-10;6.094958866551359e-09;1.618838396666433e-10;6.094958866551359e-09;3372;1,3665480427046264;26,822916666666675;11,708333333333334;True
0,00149669999955216;0,00043228000067752;1223240908,8;1223240908,8;20480,0;0,0;transformer.h.5.attn.c_attn.bias;bias;(2304,);2304;16;4608;4.520025772331207e-05;1.618838396666433e-10;6.094958866551359e-09;1.618838396666433e-10;6.094958866551359e-09;3381;1,362910381543922;26,627604166666664;11,739583333333334;True
0,4746489399993152;0,12469385999866056;1245847552,0;1252886937,6;1391820,8;7081164,8;transformer.h.5.attn.c_attn.weight;weight;(768, 2304);1769472;8;1769472;0,00390625;1.2713584283119417e-06;0,0003490089028461;6.155903520266293e-06;0,0016898972671991;1327760;1,332674579743327;24,96292679398148;6,002965856481482;True
0,5384669200000645;0,13736626000099927;1267089408,0;1267051724,8;1388544,0;7095910,4;transformer.h.5.attn.c_attn.weight;weight;(768, 2304);1769472;16;1769472;0,00390625;1.2713584283119417e-06;0,0003490089028461;6.155903520266293e-06;0,0016898972671991;1327686;1,3327488577871576;24,96710883246528;6,002631293402778;True
0,00071581999945914;0,00015528000076298;1237411430,4;1235050496,0;18022,4;9011,2;transformer.h.5.attn.c_proj.bias;bias;(768,);768;8;1536;8.510023620897622e-06;5.779451136417313e-12;6.779194253228172e-09;5.779451136417313e-12;6.779194253228172e-09;1349;1,1386212008895478;12,174479166666664;14,052083333333334;True
0,00048304000083586004;0,0001469600007112;1230322073,6;1230322073,6;18841,6;0,0;transformer.h.5.attn.c_proj.bias;bias;(768,);768;16;1536;8.510023620897622e-06;5.779451136417313e-12;6.779194253228172e-09;5.779451136417313e-12;6.779194253228172e-09;1355;1,133579335793358;11,783854166666664;14,114583333333334;True
0,13001359999980192;0,03428998000017598;1237413068,8;1239775641,6;20480,0;2362572,8;transformer.h.5.attn.c_proj.weight;weight;(768, 768);589824;8;589824;0,00390625;1.2714014019366005e-06;0,0010767822033098;1.2714014019366005e-06;0,0010767822033098;384482;1,5340744170078182;34,81411404079861;5,214870876736111;True
0,14227210000026386;0,03687729999946891;1244502425,6;1244502425,6;19660,8;2363392,0;transformer.h.5.attn.c_proj.weight;weight;(768, 768);589824;16;589824;0,00390625;1.2714014019366005e-06;0,0010767822033098;1.2714014019366005e-06;0,0010767822033098;383725;1,5371007883249723;34,94245741102431;5,204603407118055;True
0,00039361999952232005;0,00011063999991162;1230323712,0;1230322892,8;19660,8;-819.2;transformer.h.5.ln_1.bias;bias;(768,);768;8;1536;0,0001005635925929;7.961197812100805e-10;4.484304571353803e-08;7.961197812100805e-10;4.484304571353803e-08;1131;1,3580901856763925;26,3671875;11,78125;True
0,0007020600001851;0,00016111999939306;1230323712,0;1230323712,0;19660,8;0,0;transformer.h.5.ln_1.bias;bias;(768,);768;16;1536;0,0001005635925929;7.961197812100805e-10;4.484304571353803e-08;7.961197812100805e-10;4.484304571353803e-08;1137;1,3509234828496042;25,9765625;11,84375;True
0,00054095999948908;0,0001699399996141;1230323712,0;1230322892,8;20480,0;-819.2;transformer.h.5.ln_1.weight;norm_weight;(768,);768;8;1536;0,0001306361648744;1.3507727159023375e-09;4.73129015249413e-08;1.3507727159023375e-09;4.73129015249413e-08;1199;1,281067556296914;21,940104166666664;12,489583333333334;True
0,00049990000043176;0,00022491999843620003;1230323712,0;1230323712,0;19660,8;0,0;transformer.h.5.ln_1.weight;norm_weight;(768,);768;16;1536;0,0001306361648744;1.3507727159023375e-09;4.73129015249413e-08;1.3507727159023375e-09;4.73129015249413e-08;1204;1,2757475083056478;21,614583333333325;12,541666666666666;True
0,00051542000146574;0,0002136000002792;1287106560,0;1287107379,2;18841,6;819,2;transformer.h.5.ln_2.bias;bias;(768,);768;8;1536;9.211659421271296e-06;6.423874019528819e-12;7.97245211890178e-09;6.423874019528819e-12;7.97245211890178e-09;1332;1,1531531531531531;13,28125;13,875;True
0,0005612599998130201;0,00023165999955374002;1287107379,2;1287108198,4;19660,8;819,2;transformer.h.5.ln_2.bias;bias;(768,);768;16;1536;9.211659421271296e-06;6.423874019528819e-12;7.97245211890178e-09;6.423874019528819e-12;7.97245211890178e-09;1338;1,147982062780269;12,890625;13,9375;True
0,0004788400001416;0,00021818000022898;1287106560,0;1287107379,2;18841,6;819,2;transformer.h.5.ln_2.weight;norm_weight;(768,);768;8;1536;3.0248470796596223e-05;7.155248615831056e-11;4.245666241487498e-08;7.155248615831056e-11;4.245666241487498e-08;1388;1,106628242074928;9,635416666666677;14,458333333333334;True
0,00058566000079732;0,00018662000002217998;1287106560,0;1287106560,0;18841,6;0,0;transformer.h.5.ln_2.weight;norm_weight;(768,);768;16;1536;3.0248470796596223e-05;7.155248615831056e-11;4.245666241487498e-08;7.155248615831056e-11;4.245666241487498e-08;1393;1,1026561378320172;9,309895833333336;14,510416666666666;True
0,00195120000134916;0,0005307399995217;1287111475,2;1277671833,6;18841,6;15564,8;transformer.h.5.mlp.c_fc.bias;bias;(3072,);3072;8;6144;2.352236058193887e-05;4.513031268138512e-11;3.646853079824836e-09;4.513031268138512e-11;3.646853079824836e-09;5507;1,115670964227347;10,367838541666664;14,341145833333334;True
0,00208019999918174;0,00063719999961898;1258788454,4;1258788454,4;18841,6;0,0;transformer.h.5.mlp.c_fc.bias;bias;(3072,);3072;16;6144;2.352236058193887e-05;4.513031268138512e-11;3.646853079824836e-09;4.513031268138512e-11;3.646853079824836e-09;5522;1,1126403477001086;10,123697916666664;14,380208333333334;True
0,6245123199987574;0,1641093600002932;1288880128,0;1298284544,0;1936588,8;9441280,0;transformer.h.5.mlp.c_fc.weight;weight;(768, 3072);2359296;8;2359296;0,00390625;1.272469035029644e-06;0,0004412392268453;6.463933914346853e-06;0,0022414228749224;1736680;1,3585093396595804;26,389906141493057;5,888807508680555;True
0,7083983400007128;0,18013634000017187;1317185126,4;1317163827,2;1776844,8;9451929,6;transformer.h.5.mlp.c_fc.weight;weight;(768, 3072);2359296;16;2359296;0,00390625;1.272469035029644e-06;0,0004412392268453;6.463933914346853e-06;0,0022414228749224;1733980;1,3606246900194927;26,504347059461807;5,879652235243055;True
0,00067792000045296;0,0001734000004944;1315431219,2;1305989939,2;19660,8;19660,8;transformer.h.5.mlp.c_proj.bias;bias;(768,);768;8;1536;3.8551893013786607e-05;1.1391859677800652e-10;1.6230375503421053e-08;1.1391859677800652e-10;1.6230375503421053e-08;1269;1,210401891252955;17,3828125;13,21875;True
0,00053170000028326;0,00012325999996386;1287106560,0;1287107379,2;18841,6;819,2;transformer.h.5.mlp.c_proj.bias;bias;(768,);768;16;1536;3.8551893013786607e-05;1.1391859677800652e-10;1.6230375503421053e-08;1.1391859677800652e-10;1.6230375503421053e-08;1274;1,205651491365777;17,057291666666664;13,270833333333334;True
0,5936388800000714;0,15683802000057762;1317138432,0;1326560051,2;1729331,2;9440460,8;transformer.h.5.mlp.c_proj.weight;weight;(3072, 768);2359296;8;2359296;0,00390625;1.2707573660009075e-06;0,0005210567781227;6.546670920215547e-05;0,0268437338895996;1684969;1,4002014280381418;28,58170403374566;5,713463677300347;True
0,664023360000283;0,16888851999974575;1345467187,2;1345439334,4;1731788,8;9454387,2;transformer.h.5.mlp.c_proj.weight;weight;(3072, 768);2359296;16;2359296;0,00390625;1.2707573660009075e-06;0,0005210567781227;6.546670920215547e-05;0,0268437338895996;1682991;1,401847068700902;28,665542602539062;5,706756591796875;True
0,00119742000097172;0,00039057999965732;1329596006,4;1322512384,0;20480,0;18841,6;transformer.h.6.attn.c_attn.bias;bias;(2304,);2304;8;4608;2.812662259872725e-05;6.47192022196208e-11;2.409562973795478e-09;6.47192022196208e-11;2.409562973795478e-09;3628;1,2701212789415657;21,267361111111114;12,59722222222222;True
0,00148961999948364;0,00039396000065602;1308349235,2;1308348416,0;19660,8;-819.2;transformer.h.6.attn.c_attn.bias;bias;(2304,);2304;16;4608;2.812662259872725e-05;6.47192022196208e-11;2.409562973795478e-09;6.47192022196208e-11;2.409562973795478e-09;3638;1,2666300164925783;21,05034722222222;12,631944444444445;True
0,47214676000003236;0,12363009999971834;1330941952,0;1337996902,4;1370521,6;7082803,2;transformer.h.6.attn.c_attn.weight;weight;(768, 2304);1769472;8;1769472;0,00390625;1.2709880365946449e-06;0,0003585555586866;6.737347121088533e-06;0,0019006577493368;1321087;1,3394061102713144;25,340044939959483;5,9727964048032405;True
0,5352530400014075;0,13724932000041007;1352195276,8;1352160051,2;1377894,4;7091814,4;transformer.h.6.attn.c_attn.weight;weight;(768, 2304);1769472;16;1769472;0,00390625;1.2709880365946449e-06;0,0003585555586866;6.737347121088533e-06;0,0019006577493368;1320910;1,3395855887229258;25,35004792390045;5,971996166087963;True
0,00070234000013438;0,00011950000043718001;1322521395,2;1320158822,4;19660,8;4915,2;transformer.h.6.attn.c_proj.bias;bias;(768,);768;8;1536;4.292397227497656e-06;1.4510540121900894e-12;2.251401936338832e-09;1.4510540121900894e-12;2.251401936338832e-09;1426;1,0771388499298735;7,161458333333326;14,854166666666666;True
0,0006355999998049399;0,00013264000008342;1315432038,4;1315430400,0;20480,0;-1638.4;transformer.h.6.attn.c_proj.bias;bias;(768,);768;16;1536;4.292397227497656e-06;1.4510540121900894e-12;2.251401936338832e-09;1.4510540121900894e-12;2.251401936338832e-09;1433;1,071877180739707;6,705729166666674;14,927083333333334;True
0,12862862000038147;0,03387913999977168;1322520576,0;1324883148,8;18841,6;2362572,8;transformer.h.6.attn.c_proj.weight;weight;(768, 768);589824;8;589824;0,00390625;1.2714476724795531e-06;0,0011124596125956;1.2714476724795531e-06;0,0011124596125956;382273;1,5429392083667954;35,18863254123264;5,184909396701389;True
0,14186980000013133;0,03561457999967384;1329612390,4;1329611571,2;20480,0;2362572,8;transformer.h.6.attn.c_proj.weight;weight;(768, 768);589824;16;589824;0,00390625;1.2714476724795531e-06;0,0011124596125956;1.2714476724795531e-06;0,0011124596125956;381486;1,546122269231374;35,322062174479164;5,174235026041667;True
0,0004504800002905;0,00016364000039168;1315430400,0;1315432038,4;18841,6;1638,4;transformer.h.6.ln_1.bias;bias;(768,);768;8;1536;0,0001390221366353;1.5424227450822059e-09;4.227123903541609e-08;1.5424227450822059e-09;4.227123903541609e-08;1066;1,4409005628517824;30,598958333333336;11,104166666666666;True
0,0005574800001340401;0,00021399999968700002;1315431219,2;1315432038,4;19660,8;819,2;transformer.h.6.ln_1.bias;bias;(768,);768;16;1536;0,0001390221366353;1.5424227450822059e-09;4.227123903541609e-08;1.5424227450822059e-09;4.227123903541609e-08;1072;1,4328358208955223;30,208333333333325;11,166666666666666;True
0,0006194599998707001;0,00018503999963282;1315432038,4;1315430400,0;20480,0;819,2;transformer.h.6.ln_1.weight;norm_weight;(768,);768;8;1536;0,0001196425660945;1.131971738566051e-09;2.882105923809116e-08;1.131971738566051e-09;2.882105923809116e-08;1203;1,2768079800498753;21,6796875;12,53125;True
0,00049682000026218;0,0002140599986887;1315431219,2;1315430400,0;19660,8;-819.2;transformer.h.6.ln_1.weight;norm_weight;(768,);768;16;1536;0,0001196425660945;1.131971738566051e-09;2.882105923809116e-08;1.131971738566051e-09;2.882105923809116e-08;1209;1,2704714640198511;21,2890625;12,59375;True
0,0004978000011760201;0,00013361999954208;1372304179,2;1372304179,2;19660,8;0,0;transformer.h.6.ln_2.bias;bias;(768,);768;8;1536;2.481569586998332e-05;4.7299580918647166e-11;2.301896053410919e-08;4.7299580918647166e-11;2.301896053410919e-08;1120;1,3714285714285714;27,083333333333336;11,666666666666666;True
0,00054840000011604;0,00012576000008262;1372302540,8;1372303360,0;18022,4;819,2;transformer.h.6.ln_2.bias;bias;(768,);768;16;1536;2.481569586998332e-05;4.7299580918647166e-11;2.301896053410919e-08;4.7299580918647166e-11;2.301896053410919e-08;1127;1,362910381543922;26,627604166666664;11,739583333333334;True
0,00028548000045696;7.598000011055527e-05;1372302540,8;1372304998,4;18022,4;2457,6;transformer.h.6.ln_2.weight;norm_weight;(768,);768;8;1536;0,0944878943266153;0,0003176529717165;0,1547429976794943;0,0003176529717165;0,1547429976794943;49;31,346938775510203;96,80989583333334;0,5104166666666666;True
0,00024445999952142;6.820000053265414e-05;1372303360,0;1372304179,2;18841,6;4915,2;transformer.h.6.ln_2.weight;norm_weight;(768,);768;16;1536;0,0944878943266153;0,0003176529717165;0,1547429976794943;0,0003176529717165;0,1547429976794943;50;30,72;96,74479166666666;0,5208333333333334;True
0,0018591999993077199;0,00054784000094512;1372212428,8;1362770329,6;18841,6;18022,4;transformer.h.6.mlp.c_fc.bias;bias;(3072,);3072;8;6144;4.388197609195424e-05;1.5723333746109347e-10;1.2661491457654753e-08;1.5723333746109347e-10;1.2661491457654753e-08;5199;1,1817657241777264;15,38085937499999;13,5390625;True
0,00204575999960066;0,00054736000020052;1343889408,0;1343889408,0;20480,0;0,0;transformer.h.6.mlp.c_fc.bias;bias;(3072,);3072;16;6144;4.388197609195424e-05;1.5723333746109347e-10;1.2661491457654753e-08;1.5723333746109347e-10;1.2661491457654753e-08;5214;1,1783659378596087;15,13671875;13,578125;True
0,6104926799991517;0,16053855999998629;1373952409,6;1383358464,0;1901363,2;9440460,8;transformer.h.6.mlp.c_fc.weight;weight;(768, 3072);2359296;8;2359296;0,00390625;1.270905045203108e-06;0,000495927197944;1.1438860383350402e-05;0,0044636237766142;1709417;1,3801758143273408;27,545462714301216;5,796362982855903;True
0,6912775400000101;0,17685151999976362;1402272153,6;1402237747,2;1762918,4;9461760,0;transformer.h.6.mlp.c_fc.weight;weight;(768, 3072);2359296;16;2359296;0,00390625;1.270905045203108e-06;0,000495927197944;1.1438860383350402e-05;0,0044636237766142;1706945;1,3821745867617292;27,65023973253038;5,78798082139757;True
0,0004511400016781;0,00015166000084712003;1400628019,2;1391186739,2;19660,8;19660,8;transformer.h.6.mlp.c_proj.bias;bias;(768,);768;8;1536;2.7109620087887712e-05;5.811797224031245e-11;4.133548462983681e-09;5.811797224031245e-11;4.133548462983681e-09;1385;1,1090252707581227;9,830729166666664;14,427083333333334;True
0,00072267999930766;0,00022109999845262;1372303360,0;1372304998,4;18841,6;5734,4;transformer.h.6.mlp.c_proj.bias;bias;(768,);768;16;1536;2.7109620087887712e-05;5.811797224031245e-11;4.133548462983681e-09;5.811797224031245e-11;4.133548462983681e-09;1391;1,1042415528396836;9,440104166666664;14,489583333333334;True
0,5775696200005769;0,15218948000037924;1402310656,0;1411724083,2;1802240,0;9440460,8;transformer.h.6.mlp.c_proj.weight;weight;(3072, 768);2359296;8;2359296;0,00390625;1.2713097703453968e-06;0,0006043218323845;7.500174251617864e-05;0,0356523575344636;1654950;1,425599564941539;29,85407511393229;5,611673990885417;True
0,6456272200004605;0,16442551999934946;1430635315,2;1430607462,4;1706393,6;9453568,0;transformer.h.6.mlp.c_proj.weight;weight;(3072, 768);2359296;16;2359296;0,00390625;1.2713097703453968e-06;0,0006043218323845;7.500174251617864e-05;0,0356523575344636;1652564;1,4276578698313651;29,95520697699653;5,603583441840278;True
0,00116654000012198;0,0003851599998597;1414806732,8;1407723929,6;19660,8;18841,6;transformer.h.7.attn.c_attn.bias;bias;(2304,);2304;8;4608;5.401555494322134e-05;2.3922611114279846e-10;3.6821344100395206e-09;2.3922611114279846e-10;3.6821344100395206e-09;3515;1,3109530583214797;23,71961805555556;12,20486111111111;True
0,00127914000113372;0,00035824000078716;1393556684,8;1393558323,2;18022,4;1638,4;transformer.h.7.attn.c_attn.bias;bias;(2304,);2304;16;4608;5.401555494322134e-05;2.3922611114279846e-10;3.6821344100395206e-09;2.3922611114279846e-10;3.6821344100395206e-09;3525;1,3072340425531914;23,502604166666664;12,239583333333334;True
0,4728235399998084;0,12476912000056473;1416182169,6;1423218278,4;1413939,2;7081164,8;transformer.h.7.attn.c_attn.weight;weight;(768, 2304);1769472;8;1769472;0,00390625;1.2703490028798117e-06;0,0003386149284832;5.668677204084816e-06;0,0015110010884446;1334236;1,3262061584307423;24,596941912615733;6,0322446469907405;True
0,5408233599999221;0,13779251999803815;1437402726,4;1437381427,2;1375436,8;7100825,6;transformer.h.7.attn.c_attn.weight;weight;(768, 2304);1769472;16;1769472;0,00390625;1.2703490028798117e-06;0,0003386149284832;5.668677204084816e-06;0,0015110010884446;1334070;1,3263711799230924;24,60632324218749;6,031494140625;True
0,000583120000374;0,0001634600004763;1407732940,8;1405369548,8;20480,0;8192,0;transformer.h.7.attn.c_proj.bias;bias;(768,);768;8;1536;1.9580174182929885e-05;2.9570543930157456e-11;3.996733466541217e-08;2.9570543930157456e-11;3.996733466541217e-08;1136;1,352112676056338;26,041666666666664;11,833333333333334;True
0,00050374000056758;0,00016792000023992;1400641126,4;1400641945,6;18841,6;819,2;transformer.h.7.attn.c_proj.bias;bias;(768,);768;16;1536;1.9580174182929885e-05;2.9570543930157456e-11;3.996733466541217e-08;2.9570543930157456e-11;3.996733466541217e-08;1141;1,346187554776512;25,716145833333336;11,885416666666666;True
0,1322441399992385;0,03510680000035784;1407730483,2;1410094694,4;19660,8;2364211,2;transformer.h.7.attn.c_proj.weight;weight;(768, 768);589824;8;589824;0,00390625;1.2724926818918902e-06;0,000925243595194;1.2724926818918902e-06;0,000925243595194;390388;1,51086611268789;33,81279839409722;5,294976128472222;True
0,14557840000052236;0,03763446000084508;1414821478,4;1414346342,4;20480,0;1888256,0;transformer.h.7.attn.c_proj.weight;weight;(768, 768);589824;16;589824;0,00390625;1.2724926818918902e-06;0,000925243595194;1.2724926818918902e-06;0,000925243595194;389605;1,513902542318502;33,94554985894097;5,284356011284722;True
0,00038411999994418;0,00020392000078568;1400641126,4;1400641945,6;18841,6;4915,2;transformer.h.7.ln_1.bias;bias;(768,);768;8;1536;8.951578051015686e-05;6.198110358290876e-10;3.681414362350842e-08;6.198110358290876e-10;3.681414362350842e-08;1129;1,3604960141718334;26,497395833333325;11,760416666666666;True
0,0006583999987924;0,00015415999951070002;1400641126,4;1400641126,4;18841,6;0,0;transformer.h.7.ln_1.bias;bias;(768,);768;16;1536;8.951578051015686e-05;6.198110358290876e-10;3.681414362350842e-08;6.198110358290876e-10;3.681414362350842e-08;1133;1,355692850838482;26,236979166666675;11,802083333333334;True
0,00043394000022084;0,00015365999934142;1400641945,6;1400641126,4;19660,8;-819.2;transformer.h.7.ln_1.weight;norm_weight;(768,);768;8;1536;0,0001940527741811;2.971530577156045e-09;4.9907926500399095e-08;2.971530577156045e-09;4.9907926500399095e-08;1217;1,2621199671322925;20,768229166666664;12,677083333333334;True
0,00048934000078582;0,00021355999851944003;1400641126,4;1400640307,2;18841,6;-819.2;transformer.h.7.ln_1.weight;norm_weight;(768,);768;16;1536;0,0001940527741811;2.971530577156045e-09;4.9907926500399095e-08;2.971530577156045e-09;4.9907926500399095e-08;1222;1,2569558101472995;20,442708333333336;12,729166666666666;True
0,0005045399993832;0,00022055999943398002;1457388748,8;1457389568,0;18841,6;819,2;transformer.h.7.ln_2.bias;bias;(768,);768;8;1536;8.567758665112704e-06;5.7945783588087e-12;1.4095186973535676e-08;5.7945783588087e-12;1.4095186973535676e-08;1248;1,2307692307692308;18,75;13,0;True
0,0005406399992352199;0,00016125999900390003;1457389568,0;1457389568,0;19660,8;0,0;transformer.h.7.ln_2.bias;bias;(768,);768;16;1536;8.567758665112704e-06;5.7945783588087e-12;1.4095186973535676e-08;5.7945783588087e-12;1.4095186973535676e-08;1254;1,2248803827751196;18,359375;13,0625;True
0,00074860000095208;0,0001813799994124;1457388748,8;1457388748,8;18841,6;4096,0;transformer.h.7.ln_2.weight;norm_weight;(768,);768;8;1536;3.0446018937831e-05;7.466156165536475e-11;5.375659343971629e-08;7.466156165536475e-11;5.375659343971629e-08;1389;1,105831533477322;9,5703125;14,46875;True
0,00065288000041612;0,00018706000046216;1457389568,0;1457390387,2;19660,8;819,2;transformer.h.7.ln_2.weight;norm_weight;(768,);768;16;1536;3.0446018937831e-05;7.466156165536475e-11;5.375659343971629e-08;7.466156165536475e-11;5.375659343971629e-08;1394;1,1018651362984218;9,244791666666664;14,520833333333334;True
0,00183576000054012;0,00046720000027556004;1457396940,8;1447957299,2;18841,6;20480,0;transformer.h.7.mlp.c_fc.bias;bias;(3072,);3072;8;6144;3.535022709848465e-05;1.0104215381057101e-10;4.777402924053329e-09;1.0104215381057101e-10;4.777402924053329e-09;5546;1,1078254597908404;9,733072916666677;14,442708333333334;True
0,00199608000039;0,0005899400013730999;1429073920,0;1429073100,8;19660,8;-819.2;transformer.h.7.mlp.c_fc.bias;bias;(3072,);3072;16;6144;3.535022709848465e-05;1.0104215381057101e-10;4.777402924053329e-09;1.0104215381057101e-10;4.777402924053329e-09;5560;1,1050359712230216;9,505208333333323;14,479166666666666;True
0,6042261999988113;0,15966440000120197;1459086131,2;1468500377,6;1824358,4;9440460,8;transformer.h.7.mlp.c_fc.weight;weight;(768, 3072);2359296;8;2359296;0,00390625;1.2705281733360607e-06;0,0005657964989424;1.323918240814237e-06;0,0005895723693965;1684454;1,4006295214947988;28,603532579210068;5,711717393663195;True
0,6768497199991543;0,1721583000005921;1487427174,4;1487396864,0;1750630,4;9459302,4;transformer.h.7.mlp.c_fc.weight;weight;(768, 3072);2359296;16;2359296;0,00390625;1.2705281733360607e-06;0,0005657964989424;1.323918240814237e-06;0,0005895723693965;1681512;1,4030800850662974;28,72823079427084;5,701741536458333;True
0,0004223799995088;0,00012892000013376;1485712588,8;1476270489,6;18841,6;14745,6;transformer.h.7.mlp.c_proj.bias;bias;(768,);768;8;1536;3.974581364612692e-05;1.2459920595286889e-10;6.690751911859436e-09;1.2459920595286889e-10;6.690751911859436e-09;1349;1,1386212008895478;12,174479166666664;14,052083333333334;True
0,00065183999904544;0,00021183999997441996;1457389568,0;1457389568,0;19660,8;0,0;transformer.h.7.mlp.c_proj.bias;bias;(768,);768;16;1536;3.974581364612692e-05;1.2459920595286889e-10;6.690751911859436e-09;1.2459920595286889e-10;6.690751911859436e-09;1355;1,133579335793358;11,783854166666664;14,114583333333334;True
0,5672639799995522;0,15006013999882267;1487364096,0;1496784896,0;1670348,8;9442099,2;transformer.h.7.mlp.c_proj.weight;weight;(3072, 768);2359296;8;2359296;0,00390625;1.271400378755061e-06;0,0006365843437325;0,0002476836671121;0,1240140771676021;1627366;1,4497636057285208;31,023237440321186;5,518141004774305;True
0,6347988999994414;0,16180215999847855;1515680563,2;1515663360,0;1662976,0;9456025,6;transformer.h.7.mlp.c_proj.weight;weight;(3072, 768);2359296;16;2359296;0,00390625;1.271400378755061e-06;0,0006365843437325;0,0002476836671121;0,1240140771676021;1625163;1,451728841968467;31,11661275227864;5,510670979817708;True
0,00110487999991158;0,00039190000097727993;1499881472,0;1492799488,0;19660,8;19660,8;transformer.h.8.attn.c_attn.bias;bias;(2304,);2304;8;4608;4.5430430757434974e-05;1.6278532688485114e-10;2.6731505680204222e-09;1.6278532688485114e-10;2.6731505680204222e-09;3612;1,2757475083056478;21,614583333333325;12,541666666666666;True
0,00142764000192978;0,00035870000065182;1478635520,0;1478636339,2;19660,8;819,2;transformer.h.8.attn.c_attn.bias;bias;(2304,);2304;16;4608;4.5430430757434974e-05;1.6278532688485114e-10;2.6731505680204222e-09;1.6278532688485114e-10;2.6731505680204222e-09;3622;1,2722252898950857;21,397569444444454;12,57638888888889;True
0,48346374000029757;0,12653767999945553;1501238886,4;1508298752,0;1385267,2;7081984,0;transformer.h.8.attn.c_attn.weight;weight;(768, 2304);1769472;8;1769472;0,00390625;1.2709778047792495e-06;0,0003411729264715;5.283832251734566e-06;0,0014183571935955;1340273;1,3202325197926097;24,25576669198496;6,059538664641203;True
0,5469445399998222;0,13991645999994942;1522495488,0;1522461900,8;1395916,8;7097548,8;transformer.h.8.attn.c_attn.weight;weight;(768, 2304);1769472;16;1769472;0,00390625;1.2709778047792495e-06;0,0003411729264715;5.283832251734566e-06;0,0014183571935955;1339738;1,3207597306339;24,28600169994213;6,05711986400463;True
0,0005023000005166601;0,00014713999989902;1492813414,4;1490451660,8;18841,6;9011,2;transformer.h.8.attn.c_proj.bias;bias;(768,);768;8;1536;1.5797827891060863e-05;1.949691276481591e-11;2.9815156545214974e-08;1.949691276481591e-11;2.9815156545214974e-08;1138;1,3497363796133568;25,911458333333336;11,854166666666666;True
0,0004978799988748;0,0001523800005088;1485724876,8;1485723238,4;20480,0;-1638.4;transformer.h.8.attn.c_proj.bias;bias;(768,);768;16;1536;1.5797827891060863e-05;1.949691276481591e-11;2.9815156545214974e-08;1.949691276481591e-11;2.9815156545214974e-08;1142;1,3450087565674256;25,651041666666664;11,895833333333334;True
0,13795425999924188;0,03657659999953462;1492815052,8;1495176806,4;27033,6;2361753,6;transformer.h.8.attn.c_proj.weight;weight;(768, 768);589824;8;589824;0,00390625;1.2697385045612464e-06;0,0008189033080437;1.2697385045612464e-06;0,0008189033080437;399794;1,4753197896916912;32,21808539496528;5,422553168402778;True
0,15366102000043608;0,039102780000393925;1499905228,8;1499905228,8;20480,0;2363392,0;transformer.h.8.attn.c_proj.weight;weight;(768, 768);589824;16;589824;0,00390625;1.2697385045612464e-06;0,0008189033080437;1.2697385045612464e-06;0,0008189033080437;399086;1,477937086242063;32,33812120225694;5,412950303819445;True
0,00039084000018186;0,00017968000101968001;1485723238,4;1485723238,4;18841,6;0,0;transformer.h.8.ln_1.bias;bias;(768,);768;8;1536;8.277702509469761e-05;5.195373020683292e-10;2.9266149838928933e-08;5.195373020683292e-10;2.9266149838928933e-08;1138;1,3497363796133568;25,911458333333336;11,854166666666666;True
0,00052354000072222;0,00014020000016894;1485723238,4;1485722419,2;18841,6;-819.2;transformer.h.8.ln_1.bias;bias;(768,);768;16;1536;8.277702509469761e-05;5.195373020683292e-10;2.9266149838928933e-08;5.195373020683292e-10;2.9266149838928933e-08;1143;1,3438320209973753;25,5859375;11,90625;True
0,00051763999945246;0,00014923999988238;1485723238,4;1485724876,8;18841,6;1638,4;transformer.h.8.ln_1.weight;norm_weight;(768,);768;8;1536;0,0001870938272526;2.7520759005028594e-09;4.91221699776467e-08;2.7520759005028594e-09;4.91221699776467e-08;1176;1,3061224489795915;23,43749999999999;12,25;True
0,0004991400004655001;0,00019140000076726;1485724876,8;1485724057,6;20480,0;-819.2;transformer.h.8.ln_1.weight;norm_weight;(768,);768;16;1536;0,0001870938272526;2.7520759005028594e-09;4.91221699776467e-08;2.7520759005028594e-09;4.91221699776467e-08;1179;1,3027989821882953;23,24218750000001;12,28125;True
0,0006179000010888001;0,00012843999938918;1542492979,2;1542493798,4;19660,8;819,2;transformer.h.8.ln_2.bias;bias;(768,);768;8;1536;1.0551460346948332e-05;8.49119993068248e-12;2.079911521445645e-08;8.49119993068248e-12;2.079911521445645e-08;1155;1,32987012987013;24,8046875;12,03125;True
0,00055305999921978;0,00020049999948238;1542494617,6;1542494617,6;19660,8;0,0;transformer.h.8.ln_2.bias;bias;(768,);768;16;1536;1.0551460346948332e-05;8.49119993068248e-12;2.079911521445645e-08;8.49119993068248e-12;2.079911521445645e-08;1161;1,322997416020672;24,4140625;12,09375;True
0,00048843999975356;0,00020663999966924002;1542492160,0;1542492160,0;20480,0;0,0;transformer.h.8.ln_2.weight;norm_weight;(768,);768;8;1536;3.1234244500354864e-05;7.145582736622913e-11;4.1225542907524415e-08;7.145582736622913e-11;4.1225542907524415e-08;1393;1,1026561378320172;9,309895833333336;14,510416666666666;True
0,0005785200002719201;0,00020981999914506;1542491340,8;1542491340,8;19660,8;0,0;transformer.h.8.ln_2.weight;norm_weight;(768,);768;16;1536;3.1234244500354864e-05;7.145582736622913e-11;4.1225542907524415e-08;7.145582736622913e-11;4.1225542907524415e-08;1398;1,098712446351931;8,984375;14,5625;True
0,0019488000005366802;0,00050517999989092;1542372556,8;1532930457,6;20480,0;15564,8;transformer.h.8.mlp.c_fc.bias;bias;(3072,);3072;8;6144;3.645381910064936e-05;1.0733278849039961e-10;5.629975499650759e-09;1.0733278849039961e-10;5.629975499650759e-09;5512;1,1146589259796806;10,286458333333323;14,354166666666666;True
0,00203773999965046;0,00066802000073944;1514046259,2;1514047078,4;18841,6;819,2;transformer.h.8.mlp.c_fc.bias;bias;(3072,);3072;16;6144;3.645381910064936e-05;1.0733278849039961e-10;5.629975499650759e-09;1.0733278849039961e-10;5.629975499650759e-09;5527;1,111633797720282;10,042317708333323;14,393229166666666;True
0,5987782800009882;0,15689115999921338;1544071577,6;1553480089,6;1727692,8;9442099,2;transformer.h.8.mlp.c_fc.weight;weight;(768, 3072);2359296;8;2359296;0,00390625;1.2712245052171056e-06;0,000599994162089;1.3900009889766809e-06;0,000656054438269;1673934;1,409431913086179;29,04942830403646;5,676045735677083;True
0,6721763200002897;0,17048987999951346;1572397056,0;1572362649,6;1729331,2;9460940,8;transformer.h.8.mlp.c_fc.weight;weight;(768, 3072);2359296;16;2359296;0,00390625;1.2712245052171056e-06;0,000599994162089;1.3900009889766809e-06;0,000656054438269;1671200;1,4117376735280038;29,165310329861114;5,666775173611111;True
0,00043404000098232;0,00014012000101498002;1570815180,8;1561374720,0;19660,8;17203,2;transformer.h.8.mlp.c_proj.bias;bias;(768,);768;8;1536;2.937063963587647e-05;6.757804732471229e-11;3.810906959583876e-09;6.757804732471229e-11;3.810906959583876e-09;1394;1,1018651362984218;9,244791666666664;14,520833333333334;True
0,0006821599999966199;0,0001870000007329;1542491340,8;1542491340,8;19660,8;0,0;transformer.h.8.mlp.c_proj.bias;bias;(768,);768;16;1536;2.937063963587647e-05;6.757804732471229e-11;3.810906959583876e-09;6.757804732471229e-11;3.810906959583876e-09;1399;1,097927090779128;8,919270833333325;14,572916666666666;True
0,5623875399993267;0,1481360999991011;1572387225,6;1581796556,8;1720320,0;9440460,8;transformer.h.8.mlp.c_proj.weight;weight;(3072, 768);2359296;8;2359296;0,00390625;1.2710313512798166e-06;0,0006416399546891;0,0003319428069517;0,1675708214415089;1615693;1,4602378050780689;31,518003675672745;5,47855970594618;True
0,6280879199999617;0,1599288999997952;1600772505,6;1600753664,0;1730150,4;9453568,0;transformer.h.8.mlp.c_proj.weight;weight;(3072, 768);2359296;16;2359296;0,00390625;1.2710313512798166e-06;0,0006416399546891;0,0003319428069517;0,1675708214415089;1613665;1,4620729829301622;31,603961520724837;5,471683078342014;True
0,0012638799991691201;0,00042257999957652;1584982425,6;1577902080,0;18841,6;20480,0;transformer.h.9.attn.c_attn.bias;bias;(2304,);2304;8;4608;5.273873847370345e-05;2.254511854982155e-10;3.4208066727393155e-09;2.254511854982155e-10;3.4208066727393155e-09;3531;1,3050127442650807;23,372395833333336;12,260416666666666;True
0,00143208000081354;0,00040573999940528;1563738931,2;1563738112,0;20480,0;-819.2;transformer.h.9.attn.c_attn.bias;bias;(2304,);2304;16;4608;5.273873847370345e-05;2.254511854982155e-10;3.4208066727393155e-09;2.254511854982155e-10;3.4208066727393155e-09;3538;1,3024307518371965;23,220486111111114;12,28472222222222;True
0,48646129999979165;0,12848061999975469;1586361139,2;1593412812,8;1401651,2;7081984,0;transformer.h.9.attn.c_attn.weight;weight;(768, 2304);1769472;8;1769472;0,00390625;1.271020437343395e-06;0,000327644443383;4.431871275301091e-06;0,001142450549557;1348275;1,312396951660455;23,803541395399307;6,095716688368055;True
0,5523152799985838;0,14234851999935924;1607605452,8;1607576780,8;1400012,8;7095910,4;transformer.h.9.attn.c_attn.weight;weight;(768, 2304);1769472;16;1769472;0,00390625;1.271020437343395e-06;0,000327644443383;4.431871275301091e-06;0,001142450549557;1347845;1,312815642748239;23,82784242983218;6,093772605613426;True
0,0006809200007409801;0,00010714000018191998;1577911091,2;1575547699,2;18841,6;1638,4;transformer.h.9.attn.c_proj.bias;bias;(768,);768;8;1536;1.139471960543528e-05;9.742216582064868e-12;3.482948472614052e-08;9.742216582064868e-12;3.482948472614052e-08;1151;1,3344917463075587;25,065104166666675;11,989583333333334;True
0,00065994000033236;0,00017397999909002;1570822553,6;1570821734,4;20480,0;-819.2;transformer.h.9.attn.c_proj.bias;bias;(768,);768;16;1536;1.139471960543528e-05;9.742216582064868e-12;3.482948472614052e-08;9.742216582064868e-12;3.482948472614052e-08;1156;1,328719723183391;24,739583333333325;12,041666666666666;True
0,14003331999992946;0,03706180000081072;1577910272,0;1580273664,0;19660,8;2363392,0;transformer.h.9.attn.c_proj.weight;weight;(768, 768);589824;8;589824;0,00390625;1.2696289104496827e-06;0,000812029054336;1.2746137372232624e-06;0,0008152172490421;402178;1,466574501837495;31,81389702690973;5,454888237847222;True
0,15667178000003332;0,03972035999904614;1585002905,6;1585002086,4;20480,0;2362572,8;transformer.h.9.attn.c_proj.weight;weight;(768, 768);589824;16;589824;0,00390625;1.2696289104496827e-06;0,000812029054336;1.2746137372232624e-06;0,0008152172490421;401410;1,4693804339702548;31,944105360243046;5,444471571180555;True
0,0003986199997597801;0,00018887999976859997;1570822553,6;1570821734,4;20480,0;-819.2;transformer.h.9.ln_1.bias;bias;(768,);768;8;1536;6.258198924564379e-05;3.099707990283917e-10;2.1799915017473657e-08;3.099707990283917e-10;2.1799915017473657e-08;1144;1,3426573426573427;25,520833333333336;11,916666666666666;True
0,0004777399997692;0,00012224000092826001;1570822553,6;1570821734,4;20480,0;-819.2;transformer.h.9.ln_1.bias;bias;(768,);768;16;1536;6.258198924564379e-05;3.099707990283917e-10;2.1799915017473657e-08;3.099707990283917e-10;2.1799915017473657e-08;1150;1,3356521739130436;25,130208333333336;11,979166666666666;True
0,0004975799987732199;0,0002210200000263;1570822553,6;1570822553,6;20480,0;0,0;transformer.h.9.ln_1.weight;norm_weight;(768,);768;8;1536;0,0001671770129963;2.20576268361583e-09;5.016704375411077e-08;2.20576268361583e-09;5.016704375411077e-08;1215;1,2641975308641975;20,8984375;12,65625;True
0,00055247999989654;0,00017350000052822;1570821734,4;1570820915,2;19660,8;-819.2;transformer.h.9.ln_1.weight;norm_weight;(768,);768;16;1536;0,0001671770129963;2.20576268361583e-09;5.016704375411077e-08;2.20576268361583e-09;5.016704375411077e-08;1220;1,259016393442623;20,572916666666675;12,708333333333334;True
0,00053930000067336;0,000145500000508;1627472691,2;1627472691,2;19660,8;0,0;transformer.h.9.ln_2.bias;bias;(768,);768;8;1536;1.1076245208401166e-05;9.398459441256612e-12;2.3906159311504132e-08;9.398459441256612e-12;2.3906159311504132e-08;1144;1,3426573426573427;25,520833333333336;11,916666666666666;True
0,00047190000113907996;0,00021094000039736;1627473510,4;1627472691,2;20480,0;-819.2;transformer.h.9.ln_2.bias;bias;(768,);768;16;1536;1.1076245208401166e-05;9.398459441256612e-12;2.3906159311504132e-08;9.398459441256612e-12;2.3906159311504132e-08;1150;1,3356521739130436;25,130208333333336;11,979166666666666;True
0,00048543999946555995;0,00014217999996614;1627473510,4;1627472691,2;20480,0;-819.2;transformer.h.9.ln_2.weight;norm_weight;(768,);768;8;1536;3.617878356305226e-05;1.0287912188822189e-10;6.599495115168819e-08;1.0287912188822189e-10;6.599495115168819e-08;1315;1,1680608365019012;14,388020833333336;13,697916666666666;True
0,0006163000005471599;0,00020326000085330002;1627471872,0;1627472691,2;18841,6;819,2;transformer.h.9.ln_2.weight;norm_weight;(768,);768;16;1536;3.617878356305226e-05;1.0287912188822189e-10;6.599495115168819e-08;1.0287912188822189e-10;6.599495115168819e-08;1320;1,1636363636363636;14,0625;13,75;True
0,00169633999976206;0,0005167000002984;1627468595,2;1618027315,2;18841,6;17203,2;transformer.h.9.mlp.c_fc.bias;bias;(3072,);3072;8;6144;4.09025542081137e-05;1.3418371969109444e-10;9.131562637990064e-09;1.3418371969109444e-10;9.131562637990064e-09;5348;1,1488406881077038;12,955729166666664;13,927083333333334;True
0,00207419999860572;0,0007111799997800801;1599145574,4;1599145574,4;19660,8;0,0;transformer.h.9.mlp.c_fc.bias;bias;(3072,);3072;16;6144;4.09025542081137e-05;1.3418371969109444e-10;9.131562637990064e-09;1.3418371969109444e-10;9.131562637990064e-09;5363;1,145627447324259;12,711588541666677;13,966145833333334;True
0,6027737800010072;0,15724659999978025;1629165158,4;1638582681,6;1723596,8;9442099,2;transformer.h.9.mlp.c_fc.weight;weight;(768, 3072);2359296;8;2359296;0,00390625;1.2708211443168691e-06;0,0006024763010048;1.497543621553632e-06;0,0007099618587099;1675803;1,40785999308988;28,970209757486977;5,682383219401042;True
0,6733894800003327;0,17073149999923767;1657479168,0;1657461145,6;1713766,4;9456025,6;transformer.h.9.mlp.c_fc.weight;weight;(768, 3072);2359296;16;2359296;0,00390625;1.2708211443168691e-06;0,0006024763010048;1.497543621553632e-06;0,0007099618587099;1672897;1,4103055956224442;29,09338209364149;5,67252943250868;True
0,00042663999993232003;0,00015327999790311998;1655796531,2;1646352793,6;19660,8;13107,2;transformer.h.9.mlp.c_proj.bias;bias;(768,);768;8;1536;3.14324060146262e-05;7.37704897169067e-11;4.7987525488343174e-09;7.37704897169067e-11;4.7987525488343174e-09;1374;1,1179039301310043;10,546875;14,3125;True
0,00050270000065206;0,00013310000067572;1627473510,4;1627473510,4;20480,0;0,0;transformer.h.9.mlp.c_proj.bias;bias;(768,);768;16;1536;3.14324060146262e-05;7.37704897169067e-11;4.7987525488343174e-09;7.37704897169067e-11;4.7987525488343174e-09;1380;1,1130434782608696;10,15625;14,375;True
0,5679627200006507;0,14874670000135665;1657427558,4;1666848358,4;1662156,8;9440460,8;transformer.h.9.mlp.c_proj.weight;weight;(3072, 768);2359296;8;2359296;0,00390625;1.270960524379916e-06;0,0007395079663845;8.506805170327425e-05;0,0494968181250737;1618052;1,4581088864881968;31,418016221788196;5,486558702256945;True
0,633572400000412;0,1606501199996273;1685743206,4;1685727641,6;1653964,8;9460121,6;transformer.h.9.mlp.c_proj.weight;weight;(3072, 768);2359296;16;2359296;0,00390625;1.270960524379916e-06;0,0007395079663845;8.506805170327425e-05;0,0494968181250737;1615459;1,4604493212145897;31,52792188856336;5,47776624891493;True
0,07647702000031126;0,01997592000043364;1154305228,8;1030000640,0;64716,8;21299,2;transformer.positions_embed.weight;weight;(512, 768);393216;8;393216;0,00390625;1.2683861996265478e-06;0,0006087747934081;1.1130021448479964e-05;0,0053419664372897;241868;1,625746274827592;38,48978678385416;4,920817057291667;True
0,0809278000000631;0,020946020001429082;786056806,4;784479027,2;27033,6;-819.2;transformer.positions_embed.weight;weight;(512, 768);393216;16;393216;0,00390625;1.2683861996265478e-06;0,0006087747934081;1.1130021448479964e-05;0,0053419664372897;241623;1,6273947430501234;38,552093505859375;4,91583251953125;True
9,46762266000078;2,5505324600002495;1171013632,0;1295460761,6;28316467,2;124429107,2;transformer.tokens_embed.weight;weight;(40478, 768);31087104;8;31087104;0,00390625;1.2717222261926509e-06;0,0001043357990157;3.863478923449293e-05;0,0031697107446588;26889268;1,1561156666667165;13,503464330418169;6,9197228535665465;True
11,360182059999353;2,9119921999990765;1544712192,0;1544745779,2;27444838,4;124399616,0;transformer.tokens_embed.weight;weight;(40478, 768);31087104;16;31087104;0,00390625;1.2717222261926509e-06;0,0001043357990157;3.863478923449293e-05;0,0031697107446588;26904835;1,1554467440517662;13,453388903643138;6,92372888770855;True
