encode_time,decode_time,peak_enc_mem,peak_dec_mem,peak_delta_enc,peak_delta_dec,param_name,layer_type,shape,numel,bits_quant,raw_bytes,qstep,mse_quant,nmse_quant,mse_post,nmse_post,compressed_bytes,compression_ratio,compression_gain_pct,bits_per_element,decoded_equal,mode_used
6.291999998211394e-05,4.5700000191573055e-05,467533824.0,467535462.4,7372.8,18022.4,bn1.bias,bias,"(64,)",64,8,64,0.0066490655126335,3.174851372023113e-06,4.2583743207466085e-05,3.174851372023113e-06,4.2583743207466085e-05,66,0.9696969696969696,-3.125,8.25,True,bypass
5.533999974431936e-05,5.1559999701567e-05,467536281.6,467536281.6,12288.0,20480.0,bn1.bias,bias,"(64,)",64,16,128,3.0882236349385863e-05,6.627515203305734e-11,8.889373783230257e-10,6.627515203305734e-11,8.889373783230257e-10,130,0.9846153846153848,-1.5625,16.25,True,bypass
4.303999994590413e-05,1.5999999595806004e-05,467526451.2,467528089.6,18022.4,19660.8,bn1.weight,weight,"(64,)",64,8,64,0.0045977623624668,1.2668633644352667e-06,0.0001728816185211,1.2668633644352667e-06,0.0001728816185211,63,1.0158730158730158,1.5625,7.875,True,regular
5.1960000200779176e-05,4.2359999861218965e-05,467533004.8,467532185.6,9011.2,19660.8,bn1.weight,weight,"(64,)",64,16,128,1.5690514318870046e-05,1.606695158862248e-11,2.192565254722758e-09,1.606695158862248e-11,2.192565254722758e-09,130,0.9846153846153848,-1.5625,16.25,True,bypass
0.0031517600004008,0.00079375999957844,467384729.6,467485491.2,24576.0,18022.4,conv1.weight,weight,"(64, 3, 7, 7)",9408,8,9408,0.0060385747336014,3.0315825370053062e-06,0.0001996944137111,3.0315825370053062e-06,0.0001996944137111,6863,1.3708290834911847,27.05144557823129,5.835884353741497,True,regular
0.00663340000028252,0.00176976000002464,467523174.4,467523174.4,18841.6,18841.6,conv1.weight,weight,"(64, 3, 7, 7)",9408,16,18816,2.4084504749304915e-05,4.675006562426809e-11,3.079489617003538e-09,4.675006562426809e-11,3.079489617003538e-09,16149,1.165149544863459,14.17410714285714,13.732142857142858,True,regular
0.00046965999972594004,0.00010029999975811443,706955673.6,693387264.0,20480.0,18022.4,fc.bias,bias,"(1000,)",1000,8,1000,0.0002914003126445,6.795415341542821e-09,5.246622129353243e-05,6.795415341542821e-09,5.246622129353243e-05,946,1.0570824524312896,5.399999999999993,7.568,True,regular
0.0006672399998933,0.00024565999992768,676997529.6,676996710.4,20480.0,19660.8,fc.bias,bias,"(1000,)",1000,16,2000,1.1349333783508318e-06,1.0193584800040345e-13,7.870289732310621e-10,1.0193584800040345e-13,7.870289732310621e-10,1972,1.0141987829614605,1.4000000000000012,15.776,True,regular
0.4236815999996907,0.11301445999997664,702876057.6,713105408.0,1316454.4,8215756.8,fc.weight,weight,"(1000, 2048)",2048000,8,2048000,0.00390625,1.272496433557535e-06,0.0011348010312477,1.313160169047478e-06,0.0011710645898334,1274472,1.6069399720040929,37.769921875,4.97840625,True,regular
0.4577447800002119,0.11603263999968474,730814873.6,731539046.4,1336115.2,8216576.0,fc.weight,weight,"(1000, 2048)",2048000,16,4096000,0.00390625,1.272496433557535e-06,0.0011348010312477,1.272496433557535e-06,0.0011348010312477,1266465,3.234199129071865,69.0804443359375,4.94712890625,True,regular
3.7679999877582304e-05,2.826000018103514e-05,467537100.8,467537920.0,3276.8,19660.8,layer1.0.bn1.bias,bias,"(64,)",64,8,64,0.0043697978733914,1.2848927326558623e-06,5.8098238477581e-05,1.2848927326558623e-06,5.8098238477581e-05,66,0.9696969696969696,-3.125,8.25,True,bypass
3.8619999759248455e-05,3.5659999412018806e-05,467537920.0,467536281.6,13926.4,18022.4,layer1.0.bn1.bias,bias,"(64,)",64,16,128,1.745944926009005e-05,1.7690619802390728e-11,7.999063439101815e-10,1.7690619802390728e-11,7.999063439101815e-10,130,0.9846153846153848,-1.5625,16.25,True,bypass
4.5559999853139745e-05,2.0519999452517368e-05,467538739.2,467537920.0,20480.0,19660.8,layer1.0.bn1.weight,weight,"(64,)",64,8,64,0.00295410619135,5.684487405233085e-07,7.040404770061445e-05,5.684487405233085e-07,7.040404770061445e-05,66,0.9696969696969696,-3.125,8.25,True,regular
4.4179999895277434e-05,3.332000014779624e-05,467538739.2,467537920.0,13107.2,19660.8,layer1.0.bn1.weight,weight,"(64,)",64,16,128,1.5220703853272276e-05,1.3417521434189172e-11,1.6617994758982801e-09,1.3417521434189172e-11,1.6617994758982801e-09,130,0.9846153846153848,-1.5625,16.25,True,bypass
6.486000056610586e-05,3.091999933531042e-05,467542016.0,467542835.2,6553.6,20480.0,layer1.0.bn2.bias,bias,"(64,)",64,8,64,0.0041609278374736,1.2319122788539971e-06,3.988875578032947e-05,1.2319122788539971e-06,3.988875578032947e-05,66,0.9696969696969696,-3.125,8.25,True,bypass
7.280000027094502e-05,2.9179999910411424e-05,467542016.0,467542835.2,4915.2,20480.0,layer1.0.bn2.bias,bias,"(64,)",64,16,128,1.9018659920024984e-05,1.9575886051059754e-11,6.33858231042785e-10,1.9575886051059754e-11,6.33858231042785e-10,130,0.9846153846153848,-1.5625,16.25,True,bypass
3.969999997934792e-05,2.007999974011909e-05,467540377.6,467541196.8,18022.4,18841.6,layer1.0.bn2.weight,weight,"(64,)",64,8,64,0.0023501828532001,3.196678335370962e-07,0.0001068494854451,3.196678335370962e-07,0.0001068494854451,66,0.9696969696969696,-3.125,8.25,True,regular
5.8960000387742184e-05,3.8940000376896935e-05,467542016.0,467542016.0,4915.2,19660.8,layer1.0.bn2.weight,weight,"(64,)",64,16,128,8.936064120992465e-06,4.7538964952076315e-12,1.588997518930365e-09,4.7538964952076315e-12,1.588997518930365e-09,130,0.9846153846153848,-1.5625,16.25,True,bypass
9.697999994386303e-05,3.553999995347113e-05,467557580.8,467556761.6,19660.8,18841.6,layer1.0.bn3.bias,bias,"(256,)",256,8,256,0.0024086047194083,4.381283815746429e-07,9.175136379344392e-05,4.381283815746429e-07,9.175136379344392e-05,231,1.1082251082251082,9.765625,7.21875,True,regular
0.0002088000001094,4.809999954886734e-05,467558400.0,467557580.8,20480.0,19660.8,layer1.0.bn3.bias,bias,"(256,)",256,16,512,9.428459081867516e-06,6.16698489150358e-12,1.2914691174660142e-09,6.16698489150358e-12,1.2914691174660142e-09,483,1.060041407867495,5.664062500000011,15.09375,True,regular
0.00013001999977856,4.125999985262752e-05,467542835.2,467547750.4,18841.6,19660.8,layer1.0.bn3.weight,weight,"(256,)",256,8,256,0.0031796848616717,6.618199677177472e-07,6.288215196803887e-05,6.618199677177472e-07,6.288215196803887e-05,232,1.103448275862069,9.375,7.25,True,regular
0.00022776000005248002,4.870000047958456e-05,467547750.4,467555123.2,19660.8,18841.6,layer1.0.bn3.weight,weight,"(256,)",256,16,512,1.2624791334717072e-05,1.0365376959531323e-11,9.84855762848841e-10,1.0365376959531323e-11,9.84855762848841e-10,483,1.060041407867495,5.664062500000011,15.09375,True,regular
0.0009540999999444,0.00026950000028588,467540377.6,467539558.4,19660.8,18841.6,layer1.0.conv1.weight,weight,"(64, 64, 1, 1)",4096,8,4096,0.0055660309745485,2.444790879962966e-06,0.0004874349722104,2.444790879962966e-06,0.0004874349722104,2590,1.5814671814671817,36.767578125,5.05859375,True,regular
0.0027024400005756797,0.0006833600000390599,467537920.0,467537100.8,19660.8,18841.6,layer1.0.conv1.weight,weight,"(64, 64, 1, 1)",4096,16,8192,2.22795577279612e-05,3.603077905478536e-11,7.183707175624674e-09,3.603077905478536e-11,7.183707175624674e-09,6366,1.2868363179390512,22.2900390625,12.43359375,True,regular
0.00646409999972086,0.00171766000021302,467541196.8,467542016.0,18841.6,19660.8,layer1.0.conv2.weight,weight,"(64, 64, 3, 3)",36864,8,36864,0.00390625,1.1076955388489296e-06,0.001303707940618,1.1076955388489296e-06,0.001303707940618,19359,1.904230590423059,47.4853515625,4.201171875,True,regular
0.0067784999999275395,0.00173910000012252,467542835.2,467541196.8,20480.0,18841.6,layer1.0.conv2.weight,weight,"(64, 64, 3, 3)",36864,16,73728,0.00390625,1.1076955388489296e-06,0.001303707940618,1.1076955388489296e-06,0.001303707940618,19329,3.814372186869471,73.78336588541667,4.194661458333333,True,regular
0.00311507999977034,0.00100187999996702,467542016.0,467542016.0,19660.8,19660.8,layer1.0.conv3.weight,weight,"(256, 64, 1, 1)",16384,8,16384,0.00390625,1.0943876986857504e-06,0.0008799611152448,1.0943876986857504e-06,0.0008799611152448,9256,1.77009507346586,43.505859375,4.51953125,True,regular
0.00336382000023146,0.00084476000010904,467542016.0,467542016.0,19660.8,19660.8,layer1.0.conv3.weight,weight,"(256, 64, 1, 1)",16384,16,32768,0.00390625,1.0943876986857504e-06,0.0008799611152448,1.0943876986857504e-06,0.0008799611152448,9250,3.5424864864864865,71.771240234375,4.5166015625,True,regular
0.00345042000008102,0.00114591999990804,467556761.6,467558400.0,18841.6,20480.0,layer1.0.downsample.0.weight,weight,"(256, 64, 1, 1)",16384,8,16384,0.00390625,1.1379764828234329e-06,0.0003441615065387,2.859088453988079e-05,0.0086468235899795,10512,1.5585996955859969,35.83984375,5.1328125,True,regular
0.00391798000018748,0.00102325999941964,467558400.0,467557580.8,20480.0,19660.8,layer1.0.downsample.0.weight,weight,"(256, 64, 1, 1)",16384,16,32768,0.00390625,1.1379764828234329e-06,0.0003441615065387,1.1379764828234329e-06,0.0003441615065387,10503,3.1198705131867084,67.9473876953125,5.12841796875,True,regular
9.325999963039067e-05,4.445999984454829e-05,467559219.2,467558400.0,20480.0,19660.8,layer1.0.downsample.1.bias,bias,"(256,)",256,8,256,0.0024086047194083,4.381283815746429e-07,9.175136379344392e-05,4.381283815746429e-07,9.175136379344392e-05,231,1.1082251082251082,9.765625,7.21875,True,regular
0.00022468000024671999,7.58599995606093e-05,467557580.8,467557580.8,18841.6,18841.6,layer1.0.downsample.1.bias,bias,"(256,)",256,16,512,9.428459081867516e-06,6.16698489150358e-12,1.2914691174660142e-09,6.16698489150358e-12,1.2914691174660142e-09,483,1.060041407867495,5.664062500000011,15.09375,True,regular
0.00012266000012456,4.055999961565249e-05,467558400.0,467557580.8,19660.8,18841.6,layer1.0.downsample.1.weight,weight,"(256,)",256,8,256,0.0035783705515495,9.304475270255352e-07,7.202807878376427e-05,9.304475270255352e-07,7.202807878376427e-05,235,1.0893617021276596,8.203125,7.34375,True,regular
0.00030377999974002,5.006000064895488e-05,467559219.2,467558400.0,20480.0,19660.8,layer1.0.downsample.1.weight,weight,"(256,)",256,16,512,1.4063157718712142e-05,1.3620679237269506e-11,1.054408044187865e-09,1.3620679237269506e-11,1.054408044187865e-09,481,1.0644490644490645,6.0546875,15.03125,True,regular
4.613999917637557e-05,4.1239999336539765e-05,467559219.2,467556761.6,15564.8,18022.4,layer1.1.bn1.bias,bias,"(64,)",64,8,64,0.0035140380459665,8.437173164566047e-07,3.934152684777612e-05,8.437173164566047e-07,3.934152684777612e-05,66,0.9696969696969696,-3.125,8.25,True,bypass
6.304000016823979e-05,2.972000002046116e-05,467557580.8,467557580.8,8192.0,18841.6,layer1.1.bn1.bias,bias,"(64,)",64,16,128,1.299051569345668e-05,9.955152154017544e-12,4.641968086963181e-10,9.955152154017544e-12,4.641968086963181e-10,130,0.9846153846153848,-1.5625,16.25,True,bypass
3.956000036851037e-05,1.754000004439149e-05,467559219.2,467558400.0,20480.0,19660.8,layer1.1.bn1.weight,weight,"(64,)",64,8,64,0.0027505898617436,4.831927071791142e-07,9.342497822946682e-05,4.831927071791142e-07,9.342497822946682e-05,66,0.9696969696969696,-3.125,8.25,True,regular
6.205999925441574e-05,2.873999983421527e-05,467559219.2,467559219.2,0.0,20480.0,layer1.1.bn1.weight,weight,"(64,)",64,16,128,1.0967570991528218e-05,7.330714160702634e-12,1.4173885505606632e-09,7.330714160702634e-12,1.4173885505606632e-09,130,0.9846153846153848,-1.5625,16.25,True,bypass
4.434000002220273e-05,3.9319999632425604e-05,468209664.0,468208844.8,6553.6,19660.8,layer1.1.bn2.bias,bias,"(64,)",64,8,64,0.0026290510969724,5.028369969295454e-07,2.888500431938904e-05,5.028369969295454e-07,2.888500431938904e-05,66,0.9696969696969696,-3.125,8.25,True,bypass
5.2219999633962286e-05,4.1279999641119504e-05,468208844.8,468209664.0,12288.0,20480.0,layer1.1.bn2.bias,bias,"(64,)",64,16,128,1.1250987414429423e-05,6.774731817205115e-12,3.8916817775461086e-10,6.774731817205115e-12,3.8916817775461086e-10,130,0.9846153846153848,-1.5625,16.25,True,bypass
0.00011109999977632949,4.369999987829942e-05,468208025.6,468209664.0,6553.6,20480.0,layer1.1.bn2.weight,weight,"(64,)",64,8,64,0.002633925177636,5.497678330357303e-07,0.0004660468714966,5.497678330357303e-07,0.0004660468714966,66,0.9696969696969696,-3.125,8.25,True,bypass
5.4420000378740954e-05,2.868000010494143e-05,468208844.8,468207206.4,9830.4,18022.4,layer1.1.bn2.weight,weight,"(64,)",64,16,128,9.241230249253291e-06,6.534787468093217e-12,5.53964250433355e-09,6.534787468093217e-12,5.53964250433355e-09,130,0.9846153846153848,-1.5625,16.25,True,bypass
0.00014564000048265045,2.941999955510255e-05,468209664.0,468208025.6,20480.0,18841.6,layer1.1.bn3.bias,bias,"(256,)",256,8,256,0.0012355615030263,1.1349828810125473e-07,4.5967194713441634e-05,1.1349828810125473e-07,4.5967194713441634e-05,242,1.0578512396694215,5.46875,7.5625,True,regular
0.00018022000003834,6.622000000788237e-05,468208844.8,468209664.0,19660.8,20480.0,layer1.1.bn3.bias,bias,"(256,)",256,16,512,4.826741111399994e-06,1.7213962460321808e-12,6.971713648205585e-10,1.7213962460321808e-12,6.971713648205585e-10,507,1.009861932938856,0.9765625,15.84375,True,regular
0.00011968000035265246,3.0199999673641287e-05,468209664.0,468207206.4,20480.0,18022.4,layer1.1.bn3.weight,weight,"(256,)",256,8,256,0.0021554959217476,3.325933448650176e-07,7.190143188340822e-05,3.325933448650176e-07,7.190143188340822e-05,230,1.1130434782608696,10.15625,7.1875,True,regular
0.0001816400003008,7.036000024526392e-05,468208844.8,468208025.6,19660.8,18841.6,layer1.1.bn3.weight,weight,"(256,)",256,16,512,8.45305182779706e-06,5.267128747044048e-12,1.1386701047203134e-09,5.267128747044048e-12,1.1386701047203134e-09,499,1.0260521042084167,2.539062499999989,15.59375,True,regular
0.0032227200001215795,0.00089024000008062,467559219.2,467558400.0,20480.0,15564.8,layer1.1.conv1.weight,weight,"(64, 256, 1, 1)",16384,8,16384,0.00390625,1.080014499166282e-06,0.0011516456035515,1.080014499166282e-06,0.0011516456035515,9536,1.7181208053691277,41.796875,4.65625,True,regular
0.0033292600001004202,0.00094318000010384,467558400.0,467559219.2,19660.8,20480.0,layer1.1.conv1.weight,weight,"(64, 256, 1, 1)",16384,16,32768,0.00390625,1.080014499166282e-06,0.0011516456035515,1.080014499166282e-06,0.0011516456035515,9520,3.4420168067226893,70.947265625,4.6484375,True,regular
0.0072512399994593,0.0019584599995141,467558400.0,467559219.2,19660.8,20480.0,layer1.1.conv2.weight,weight,"(64, 64, 3, 3)",36864,8,36864,0.00390625,1.1956389016631874e-06,0.0014405025741606,1.2112691365473438e-06,0.0014593338396489,21453,1.7183610683820445,41.805013020833336,4.655598958333333,True,regular
0.0078444399998261,0.00198593999994042,467913932.8,467920486.4,19660.8,19660.8,layer1.1.conv2.weight,weight,"(64, 64, 3, 3)",36864,16,73728,0.00390625,1.1956389016631874e-06,0.0014405025741606,1.1956389016631874e-06,0.0014405025741606,21425,3.441213535589265,70.94048394097221,4.649522569444445,True,regular
0.0032100800006446203,0.00101630000062864,468208844.8,468209664.0,19660.8,20480.0,layer1.1.conv3.weight,weight,"(256, 64, 1, 1)",16384,8,16384,0.00390625,1.2442443448890117e-06,0.0011751268765937,1.2442443448890117e-06,0.0011751268765937,9454,1.733023059022636,42.29736328125,4.6162109375,True,regular
0.0033209199998963804,0.0009760999993886601,468208844.8,468208844.8,19660.8,19660.8,layer1.1.conv3.weight,weight,"(256, 64, 1, 1)",16384,16,32768,0.00390625,1.2442443448890117e-06,0.0011751268765937,1.2442443448890117e-06,0.0011751268765937,9444,3.469716221939856,71.17919921875,4.611328125,True,regular
6.409999987226911e-05,5.2660000073956324e-05,468208844.8,468209664.0,12288.0,20480.0,layer1.2.bn1.bias,bias,"(64,)",64,8,64,0.0017395464794714,1.9163231002039538e-07,2.080375598427379e-05,1.9163231002039538e-07,2.080375598427379e-05,66,0.9696969696969696,-3.125,8.25,True,bypass
3.608000006352086e-05,3.763999993680045e-05,468208025.6,468209664.0,14745.6,20480.0,layer1.2.bn1.bias,bias,"(64,)",64,16,128,5.963781102459216e-06,2.3357661291245613e-12,2.5357262865258685e-10,2.3357661291245613e-12,2.5357262865258685e-10,130,0.9846153846153848,-1.5625,16.25,True,bypass
6.052000026102178e-05,1.5560000247205607e-05,468208844.8,468209664.0,19660.8,20480.0,layer1.2.bn1.weight,weight,"(64,)",64,8,64,0.0019559651834676,2.635781868320919e-07,0.0003109544100549,2.635781868320919e-07,0.0003109544100549,65,0.9846153846153848,-1.5625,8.125,True,regular
4.613999954017345e-05,3.7579999479930847e-05,468208844.8,468208025.6,6553.6,18841.6,layer1.2.bn1.weight,weight,"(64,)",64,16,128,7.747097163685925e-06,4.409428551455097e-12,5.2019906137779855e-09,4.409428551455097e-12,5.2019906137779855e-09,130,0.9846153846153848,-1.5625,16.25,True,bypass
4.691999965871219e-05,1.863999968918506e-05,468809318.4,468809318.4,19660.8,19660.8,layer1.2.bn2.bias,bias,"(64,)",64,8,64,0.0027290153054801,5.24309029970027e-07,0.0001001194261044,5.24309029970027e-07,0.0001001194261044,66,0.9696969696969696,-3.125,8.25,True,regular
4.114000003028195e-05,3.799999976763502e-05,468809318.4,468810137.6,7372.8,20480.0,layer1.2.bn2.bias,bias,"(64,)",64,16,128,1.060584388407634e-05,6.087506367047357e-12,1.1624397235937767e-09,6.087506367047357e-12,1.1624397235937767e-09,130,0.9846153846153848,-1.5625,16.25,True,bypass
4.084000029251911e-05,2.1699999342672528e-05,468808499.2,468809318.4,18841.6,19660.8,layer1.2.bn2.weight,weight,"(64,)",64,8,64,0.0028200539523807,5.583403890341287e-07,0.0007902820914118,5.583403890341287e-07,0.0007902820914118,66,0.9696969696969696,-3.125,8.25,True,regular
4.636000012396835e-05,3.361999988555908e-05,468809318.4,468810137.6,6553.6,20480.0,layer1.2.bn2.weight,weight,"(64,)",64,16,128,1.0056643249855995e-05,7.0747990799091545e-12,1.0013760643146265e-08,7.0747990799091545e-12,1.0013760643146265e-08,130,0.9846153846153848,-1.5625,16.25,True,bypass
8.83200002135709e-05,3.5399999978835696e-05,468811776.0,468810137.6,20480.0,18841.6,layer1.2.bn3.bias,bias,"(256,)",256,8,256,0.0015473890241361,1.9356112090918034e-07,5.692441190308025e-05,1.9356112090918034e-07,5.692441190308025e-05,225,1.1377777777777778,12.109375,7.03125,True,regular
0.00019186000026816,5.020000025979243e-05,468809318.4,468810137.6,18022.4,18841.6,layer1.2.bn3.bias,bias,"(256,)",256,16,512,6.093792658933152e-06,2.7505719056575284e-12,8.089160023006636e-10,2.7505719056575284e-12,8.089160023006636e-10,500,1.024,2.34375,15.625,True,regular
0.00010941999935310319,2.6979999893228525e-05,468811776.0,468811776.0,20480.0,20480.0,layer1.2.bn3.weight,weight,"(256,)",256,8,256,0.0029476097532945,6.701225174765568e-07,8.709901788790212e-05,6.701225174765568e-07,8.709901788790212e-05,213,1.2018779342723005,16.796875,6.65625,True,regular
0.00017396000039289998,7.513999989895359e-05,468810137.6,468810956.8,18841.6,19660.8,layer1.2.bn3.weight,weight,"(256,)",256,16,512,1.1590483631070095e-05,1.0000372058227567e-11,1.2997960254569583e-09,1.0000372058227567e-11,1.2997960254569583e-09,486,1.0534979423868314,5.078125000000011,15.1875,True,regular
0.00341423999961984,0.0009128400000918,468208844.8,468208025.6,19660.8,18841.6,layer1.2.conv1.weight,weight,"(64, 256, 1, 1)",16384,8,16384,0.00390625,1.226632775797043e-06,0.0013557426971837,1.226632775797043e-06,0.0013557426971837,10198,1.6065895273583055,37.75634765625,4.9794921875,True,regular
0.0035806600004434004,0.00114173999972984,468208844.8,468208844.8,19660.8,19660.8,layer1.2.conv1.weight,weight,"(64, 256, 1, 1)",16384,16,32768,0.00390625,1.226632775797043e-06,0.0013557426971837,1.226632775797043e-06,0.0013557426971837,10181,3.2185443473136237,68.9300537109375,4.97119140625,True,regular
0.00820401999990276,0.00218020000029348,468208025.6,468208844.8,18841.6,19660.8,layer1.2.conv2.weight,weight,"(64, 64, 3, 3)",36864,8,36864,0.00390625,1.2730197340715677e-06,0.0012608668217351,1.2730197340715677e-06,0.0012608668217351,23461,1.5712885213759005,36.35796440972222,5.091362847222222,True,regular
0.00893624000018458,0.00218567999982038,468514406.4,468528332.8,22937.6,20480.0,layer1.2.conv2.weight,weight,"(64, 64, 3, 3)",36864,16,73728,0.00390625,1.2730197340715677e-06,0.0012608668217351,1.2730197340715677e-06,0.0012608668217351,23410,3.149423323366083,68.24815538194444,5.080295138888889,True,regular
0.00294647999980948,0.00084409999944906,468809318.4,468808499.2,19660.8,18841.6,layer1.2.conv3.weight,weight,"(256, 64, 1, 1)",16384,8,16384,0.00390625,1.2760789331878186e-06,0.0013205787944503,1.2760789331878186e-06,0.0013205787944503,9053,1.8097868110018775,44.744873046875,4.42041015625,True,regular
0.00310726000061544,0.0008194400001229601,468810137.6,468808499.2,20480.0,18841.6,layer1.2.conv3.weight,weight,"(256, 64, 1, 1)",16384,16,32768,0.00390625,1.2760789331878186e-06,0.0013205787944503,1.2760789331878186e-06,0.0013205787944503,9062,3.615978812624145,72.344970703125,4.4248046875,True,regular
0.00010143999970747616,5.3399999887915325e-05,469114060.8,469114880.0,5734.4,19660.8,layer2.0.bn1.bias,bias,"(128,)",128,8,128,0.0024939271378545,4.3030587448811286e-07,4.9322638789902064e-05,4.3030587448811286e-07,4.9322638789902064e-05,130,0.9846153846153848,-1.5625,8.125,True,bypass
9.127999983319358e-05,7.031999957689439e-05,469113241.6,469112422.4,6553.6,17203.2,layer2.0.bn1.bias,bias,"(128,)",128,16,256,9.289630631351517e-06,5.96720155926489e-12,6.839742251817506e-10,5.96720155926489e-12,6.839742251817506e-10,258,0.992248062015504,-0.78125,16.125,True,bypass
6.65400002617389e-05,2.1740000011050143e-05,469114880.0,469115699.2,19660.8,20480.0,layer2.0.bn1.weight,weight,"(128,)",128,8,128,0.0028060505849694,5.881327069801046e-07,0.0004057616531789,5.881327069801046e-07,0.0004057616531789,121,1.0578512396694215,5.46875,7.5625,True,regular
0.00013346000014274,3.12399999529589e-05,469113241.6,469114060.8,18022.4,18841.6,layer2.0.bn1.weight,weight,"(128,)",128,16,256,1.0804689140744157e-05,7.917663052969814e-12,5.462515536983406e-09,7.917663052969814e-12,5.462515536983406e-09,257,0.9961089494163424,-0.390625,16.0625,True,regular
8.9599999409968e-05,5.4439999803435055e-05,473311641.6,473310003.2,12288.0,18841.6,layer2.0.bn2.bias,bias,"(128,)",128,8,128,0.0025032419898471,4.504971116148226e-07,5.330795873450949e-05,4.504971116148226e-07,5.330795873450949e-05,130,0.9846153846153848,-1.5625,8.125,True,bypass
9.710000012999302e-05,5.3299999490263875e-05,473311641.6,473311641.6,10649.6,20480.0,layer2.0.bn2.bias,bias,"(128,)",128,16,256,1.099034648668501e-05,7.907112464788923e-12,9.356597725369847e-10,7.907112464788923e-12,9.356597725369847e-10,258,0.992248062015504,-0.78125,16.125,True,bypass
6.855999999970664e-05,2.843999973265454e-05,476144435.2,476145254.4,18841.6,19660.8,layer2.0.bn2.weight,weight,"(128,)",128,8,128,0.0023242087336896,4.063637675244536e-07,0.0003956353176307,4.063637675244536e-07,0.0003956353176307,118,1.0847457627118644,7.8125,7.375,True,regular
0.00010895999985216,5.6740000218269415e-05,473310822.4,473311641.6,19660.8,20480.0,layer2.0.bn2.weight,weight,"(128,)",128,16,256,9.853280614472187e-06,6.833677720918807e-12,6.653261121610363e-09,6.833677720918807e-12,6.653261121610363e-09,256,1.0,,16.0,True,regular
0.0001684200000454,7.39600000087874e-05,473392742.4,473391923.2,20480.0,19660.8,layer2.0.bn3.bias,bias,"(512,)",512,8,512,0.001587023665052,1.845380950271647e-07,7.890868243892476e-05,1.845380950271647e-07,7.890868243892476e-05,450,1.1377777777777778,12.109375,7.03125,True,regular
0.0005478000002767001,8.658000006107613e-05,473391923.2,473390284.8,19660.8,18022.4,layer2.0.bn3.bias,bias,"(512,)",512,16,1024,6.1179829422825125e-06,2.89020933921802e-12,1.235856536271265e-09,2.89020933921802e-12,1.235856536271265e-09,946,1.0824524312896406,7.6171875,14.78125,True,regular
0.00016813999973232,4.994000009901356e-05,473388646.4,473387827.2,20480.0,19660.8,layer2.0.bn3.weight,weight,"(512,)",512,8,512,0.0025965656396846,4.446872594598972e-07,5.690691711586718e-05,4.446872594598972e-07,5.690691711586718e-05,439,1.1662870159453302,14.2578125,6.859375,True,regular
0.00041827999993978,9.647999977458796e-05,473387827.2,473391923.2,19660.8,19660.8,layer2.0.bn3.weight,weight,"(512,)",512,16,1024,1.006125622318404e-05,7.160488348090244e-12,9.163323397859831e-10,7.160488348090244e-12,9.163323397859831e-10,938,1.091684434968017,8.3984375,14.65625,True,regular
0.0076641200004814196,0.00189204000016614,468810137.6,468810956.8,18841.6,19660.8,layer2.0.conv1.weight,weight,"(128, 256, 1, 1)",32768,8,32768,0.00390625,1.2716999435724574e-06,0.0010136890499113,1.2716999435724574e-06,0.0010136890499113,21132,1.5506341094075335,35.51025390625,5.1591796875,True,regular
0.0077406800002790405,0.0020802799994271,468850278.4,468863385.6,19660.8,18841.6,layer2.0.conv1.weight,weight,"(128, 256, 1, 1)",32768,16,65536,0.00390625,1.2716999435724574e-06,0.0010136890499113,1.2716999435724574e-06,0.0010136890499113,21101,3.1058243685133404,67.80242919921875,5.151611328125,True,regular
0.02828251999962954,0.00737784000011738,471425843.2,471549542.4,36864.0,19660.8,layer2.0.conv2.weight,weight,"(128, 128, 3, 3)",147456,8,147456,0.00390625,1.2703072798103676e-06,0.0025569462754929,1.2703072798103676e-06,0.0025569462754929,82754,1.7818594871546996,43.87885199652778,4.489691840277778,True,regular
0.02908762000042766,0.007749220000187021,474510131.2,474546995.2,36864.0,20480.0,layer2.0.conv2.weight,weight,"(128, 128, 3, 3)",147456,16,294912,0.00390625,1.2703072798103676e-06,0.0025569462754929,1.2703072798103676e-06,0.0025569462754929,82602,3.570276748747004,71.990966796875,4.4814453125,True,regular
0.01173864000011232,0.00297578000026982,473334579.2,473333760.0,19660.8,18841.6,layer2.0.conv3.weight,weight,"(512, 128, 1, 1)",65536,8,65536,0.00390625,1.116420435209875e-06,0.0014156415628311,1.116420435209875e-06,0.0014156415628311,34677,1.8898982034201344,47.08709716796875,4.2330322265625,True,regular
0.0123437000002013,0.00305455999987312,473335398.4,473334579.2,20480.0,19660.8,layer2.0.conv3.weight,weight,"(512, 128, 1, 1)",65536,16,131072,0.00390625,1.116420435209875e-06,0.0014156415628311,1.116420435209875e-06,0.0014156415628311,34607,3.787441847025169,73.59695434570312,4.2244873046875,True,regular
0.02106809999968388,0.005340259999866219,474181632.0,474179993.6,21299.2,18022.4,layer2.0.downsample.0.weight,weight,"(512, 256, 1, 1)",131072,8,131072,0.00390625,1.1230212066948295e-06,0.0021018659362591,1.2135448059780174e-06,0.0022712914721498,63903,2.051108711641081,51.245880126953125,3.90032958984375,True,regular
0.02166561999947586,0.0054914000000280405,476544204.8,476545843.2,23756.8,20480.0,layer2.0.downsample.0.weight,weight,"(512, 256, 1, 1)",131072,16,262144,0.00390625,1.1230212066948295e-06,0.0021018659362591,1.1230212066948295e-06,0.0021018659362591,63817,4.107745585032202,75.65574645996094,3.89508056640625,True,regular
0.0001619399998162,5.9539999710975285e-05,477484646.4,477484646.4,18841.6,18841.6,layer2.0.downsample.1.bias,bias,"(512,)",512,8,512,0.001587023665052,1.845380950271647e-07,7.890868243892476e-05,1.845380950271647e-07,7.890868243892476e-05,450,1.1377777777777778,12.109375,7.03125,True,regular
0.00045386000019784006,8.564000017940998e-05,477483827.2,477485465.6,18022.4,19660.8,layer2.0.downsample.1.bias,bias,"(512,)",512,16,1024,6.1179829422825125e-06,2.89020933921802e-12,1.235856536271265e-09,2.89020933921802e-12,1.235856536271265e-09,946,1.0824524312896406,7.6171875,14.78125,True,regular
0.00020498000048968,7.647999955223282e-05,477485465.6,477483827.2,19660.8,18022.4,layer2.0.downsample.1.weight,weight,"(512,)",512,8,512,0.0029418930612071,5.871289658898604e-07,7.387445246803012e-05,5.871289658898604e-07,7.387445246803012e-05,441,1.160997732426304,13.8671875,6.890625,True,regular
0.0003475200002867,0.00011505999973450087,477486284.8,477484646.4,20480.0,18841.6,layer2.0.downsample.1.weight,weight,"(512,)",512,16,1024,1.154326528184444e-05,9.665049142959514e-12,1.2160875293055755e-09,9.665049142959514e-12,1.2160875293055755e-09,922,1.1106290672451191,9.9609375,14.40625,True,regular
5.7720000040717426e-05,2.8059999749530107e-05,477135667.2,477135667.2,20480.0,20480.0,layer2.1.bn1.bias,bias,"(128,)",128,8,128,0.0033487729928043,8.604679351265077e-07,8.300703339975516e-05,8.604679351265077e-07,8.300703339975516e-05,126,1.0158730158730158,1.5625,7.875,True,regular
8.34399997984156e-05,5.46599996596342e-05,477135667.2,477133209.6,12288.0,18022.4,layer2.1.bn1.bias,bias,"(128,)",128,16,256,1.274466258662707e-05,1.1318913688274089e-11,1.0919052392502912e-09,1.1318913688274089e-11,1.0919052392502912e-09,258,0.992248062015504,-0.78125,16.125,True,bypass
6.588000032934361e-05,2.739999981713481e-05,477134848.0,477134028.8,19660.8,18841.6,layer2.1.bn1.weight,weight,"(128,)",128,8,128,0.0017477705240417,2.163888694894922e-07,0.0002511307011712,2.163888694894922e-07,0.0002511307011712,120,1.0666666666666669,6.25,7.5,True,regular
0.00010799999981824,6.804000004194677e-05,477135667.2,477135667.2,20480.0,20480.0,layer2.1.bn1.weight,weight,"(128,)",128,16,256,6.740726939998688e-06,3.201483349257739e-12,3.7154903585569358e-09,3.201483349257739e-12,3.7154903585569358e-09,258,0.992248062015504,-0.78125,16.125,True,regular
8.367999980689818e-05,6.623999979637652e-05,478893670.4,478893670.4,13107.2,20480.0,layer2.1.bn2.bias,bias,"(128,)",128,8,128,0.0016633311127574,1.9756029701056835e-07,3.0158517423155345e-05,1.9756029701056835e-07,3.0158517423155345e-05,130,0.9846153846153848,-1.5625,8.125,True,bypass
9.050000007844335e-05,6.786000012651069e-05,478892851.2,478892851.2,15564.8,19660.8,layer2.1.bn2.bias,bias,"(128,)",128,16,256,6.031860902025493e-06,2.49490705872546e-12,3.8085940919444946e-10,2.49490705872546e-12,3.8085940919444946e-10,258,0.992248062015504,-0.78125,16.125,True,bypass
6.635999998252373e-05,2.494000000297092e-05,480907264.0,480613990.4,20480.0,20480.0,layer2.1.bn2.weight,weight,"(128,)",128,8,128,0.0024454015058144,4.2461553562134213e-07,0.0003442921827136,4.2461553562134213e-07,0.0003442921827136,120,1.0666666666666669,6.25,7.5,True,regular
0.00010657999991959998,3.88399996154476e-05,478892032.0,478892032.0,18841.6,18841.6,layer2.1.bn2.weight,weight,"(128,)",128,16,256,9.148653110373174e-06,6.1724488367720376e-12,5.004823668523978e-09,6.1724488367720376e-12,5.004823668523978e-09,258,0.992248062015504,-0.78125,16.125,True,regular
0.00015794000028106,4.522000053839292e-05,478902681.6,478903500.8,18022.4,18841.6,layer2.1.bn3.bias,bias,"(512,)",512,8,512,0.0019228824538929,3.081790680425911e-07,0.0001032405828683,3.081790680425911e-07,0.0001032405828683,444,1.1531531531531531,13.28125,6.9375,True,regular
0.00038116000032456,0.00012281999988769822,478905139.2,478903500.8,20480.0,18841.6,layer2.1.bn3.bias,bias,"(512,)",512,16,1024,7.323894664312255e-06,4.231574292357099e-12,1.417585558839585e-09,4.231574292357099e-12,1.417585558839585e-09,971,1.054582904222451,5.17578125,15.171875,True,regular
0.00021096000018582,4.800000024260953e-05,478896128.0,478899404.8,19660.8,18841.6,layer2.1.bn3.weight,weight,"(512,)",512,8,512,0.0030937000425202,7.565101896034321e-07,7.931834479507943e-05,7.565101896034321e-07,7.931834479507943e-05,428,1.1962616822429906,16.40624999999999,6.6875,True,regular
0.00042477999995746,0.00014506000043183696,478900224.0,478905139.2,19660.8,20480.0,layer2.1.bn3.weight,weight,"(512,)",512,16,1024,1.1934085686727392e-05,1.0879895942506046e-11,1.140731941964533e-09,1.0879895942506046e-11,1.140731941964533e-09,960,1.0666666666666669,6.25,15.0,True,regular
0.00920697999972612,0.0026197199997113198,477118464.0,477129113.6,20480.0,20480.0,layer2.1.conv1.weight,weight,"(128, 512, 1, 1)",65536,8,65536,0.00390625,1.118564000535116e-06,0.0040306416123346,1.118564000535116e-06,0.0040306416123346,30898,2.1210434332319243,52.8533935546875,3.771728515625,True,regular
0.0094408800006931,0.00246288000016646,477128294.4,477135667.2,18841.6,20480.0,layer2.1.conv1.weight,weight,"(128, 512, 1, 1)",65536,16,131072,0.00390625,1.118564000535116e-06,0.0040306416123346,1.118564000535116e-06,0.0040306416123346,30873,4.245521977132122,76.44577026367188,3.7686767578125,True,regular
0.02367630000007918,0.00612612000004444,477134028.8,477134028.8,18841.6,18841.6,layer2.1.conv2.weight,weight,"(128, 128, 3, 3)",147456,8,147456,0.00390625,1.2715780712824198e-06,0.0034008854102814,1.2715780712824198e-06,0.0034008854102814,73562,2.004513199749871,50.11257595486112,3.990993923611111,True,regular
0.02425883999967478,0.00618111999974638,479680921.6,479724339.2,27852.8,18841.6,layer2.1.conv2.weight,weight,"(128, 128, 3, 3)",147456,16,294912,0.00390625,1.2715780712824198e-06,0.0034008854102814,1.2715780712824198e-06,0.0034008854102814,73483,4.013336417947008,75.08307562934029,3.9867078993055554,True,regular
0.00988242000021268,0.00271837999898702,478892032.0,478892032.0,18841.6,18841.6,layer2.1.conv3.weight,weight,"(512, 128, 1, 1)",65536,8,65536,0.00390625,1.2621475207197363e-06,0.0025938072162583,1.2621475207197363e-06,0.0025938072162583,31845,2.05796828387502,51.40838623046875,3.8873291015625,True,regular
0.0105302199997822,0.0026458600001205397,478892032.0,478896947.2,18841.6,20480.0,layer2.1.conv3.weight,weight,"(512, 128, 1, 1)",65536,16,131072,0.00390625,1.2621475207197363e-06,0.0025938072162583,1.2621475207197363e-06,0.0025938072162583,31824,4.118652589240824,75.72021484375,3.884765625,True,regular
9.071999993465584e-05,2.5579999783076345e-05,478904320.0,478905139.2,18841.6,19660.8,layer2.2.bn1.bias,bias,"(128,)",128,8,128,0.0022658064237653,3.964925099353423e-07,7.472890834128708e-05,3.964925099353423e-07,7.472890834128708e-05,127,1.0078740157480317,0.78125,7.9375,True,regular
0.00011656000060608777,5.767999973613769e-05,478905139.2,478905958.4,4915.2,20480.0,layer2.2.bn1.bias,bias,"(128,)",128,16,256,8.30729575805236e-06,4.97376098640423e-12,9.374293827772015e-10,4.97376098640423e-12,9.374293827772015e-10,258,0.992248062015504,-0.78125,16.125,True,bypass
8.607999989179917e-05,3.227999986847863e-05,478904320.0,478905139.2,19660.8,19660.8,layer2.2.bn1.weight,weight,"(128,)",128,8,128,0.0020046361019748,2.7504142963152844e-07,0.000272750580129,2.7504142963152844e-07,0.000272750580129,121,1.0578512396694215,5.46875,7.5625,True,regular
0.00010556000015634001,5.74999998207204e-05,478905958.4,478905958.4,20480.0,20480.0,layer2.2.bn1.weight,weight,"(128,)",128,16,256,8.560290185316605e-06,5.057896809712581e-12,5.015769045884874e-09,5.057896809712581e-12,5.015769045884874e-09,258,0.992248062015504,-0.78125,16.125,True,regular
0.00010483999976710784,6.272000027820467e-05,479947161.6,479948800.0,9011.2,19660.8,layer2.2.bn2.bias,bias,"(128,)",128,8,128,0.0022241085494016,3.740015586117807e-07,5.262307997775945e-05,3.740015586117807e-07,5.262307997775945e-05,130,0.9846153846153848,-1.5625,8.125,True,bypass
8.261999973909102e-05,5.571999972744379e-05,479947980.8,479948800.0,13926.4,19660.8,layer2.2.bn2.bias,bias,"(128,)",128,16,256,8.948814978855228e-06,5.578796105631945e-12,7.849524337170383e-10,5.578796105631945e-12,7.849524337170383e-10,258,0.992248062015504,-0.78125,16.125,True,bypass
6.714000010106247e-05,2.2280000121099874e-05,483453337.6,483242803.2,20480.0,19660.8,layer2.2.bn2.weight,weight,"(128,)",128,8,128,0.0021370715681341,3.4555893080323585e-07,0.0003399597468635,3.4555893080323585e-07,0.0003399597468635,120,1.0666666666666669,6.25,7.5,True,regular
0.00010780000011432,3.32600004185224e-05,480450150.4,480449331.2,20480.0,19660.8,layer2.2.bn2.weight,weight,"(128,)",128,16,256,8.552133206677927e-06,5.296021433898179e-12,5.210208579667917e-09,5.296021433898179e-12,5.210208579667917e-09,256,1.0,,16.0,True,regular
0.00026043999969256,5.638000038743485e-05,480013516.8,480014336.0,19660.8,20480.0,layer2.2.bn3.bias,bias,"(512,)",512,8,512,0.002124582765286,3.686042759909469e-07,0.0001107214011141,3.686042759909469e-07,0.0001107214011141,457,1.1203501094091903,10.7421875,7.140625,True,regular
0.0004167600000073,0.00012527999933808253,480013516.8,480013516.8,19660.8,19660.8,layer2.2.bn3.bias,bias,"(512,)",512,16,1024,8.226431111665588e-06,5.2832105010280905e-12,1.586971468202085e-09,5.2832105010280905e-12,1.586971468202085e-09,989,1.0353892821031343,3.41796875,15.453125,True,regular
0.00019783999960052003,9.022000085676874e-05,480013516.8,480012697.6,19660.8,18841.6,layer2.2.bn3.weight,weight,"(512,)",512,8,512,0.0026816738533414,5.696039124813979e-07,0.0001534546103108,5.696039124813979e-07,0.0001534546103108,438,1.1689497716894977,14.453125,6.84375,True,regular
0.00040234000043706,0.00011095999980169954,480014336.0,480012697.6,20480.0,18841.6,layer2.2.bn3.weight,weight,"(512,)",512,16,1024,1.0312816103136962e-05,8.355301693574457e-12,2.2509669216130167e-09,8.355301693574457e-12,2.2509669216130167e-09,976,1.0491803278688523,4.6875,15.25,True,regular
0.012046780000309761,0.00305915999997518,478905139.2,478903500.8,20480.0,18841.6,layer2.2.conv1.weight,weight,"(128, 512, 1, 1)",65536,8,65536,0.00390625,1.2520669088189609e-06,0.0023031978711903,1.2520669088189609e-06,0.0023031978711903,37005,1.7710039183894069,43.53485107421875,4.5172119140625,True,regular
0.01276131999984496,0.0032229799995547397,478901862.4,478905139.2,17203.2,20480.0,layer2.2.conv1.weight,weight,"(128, 512, 1, 1)",65536,16,131072,0.00390625,1.2520669088189609e-06,0.0023031978711903,1.2520669088189609e-06,0.0023031978711903,36941,3.548144338269132,71.81625366210938,4.5093994140625,True,regular
0.02717669999983624,0.0071483800002169594,479383552.0,479386009.6,18022.4,20480.0,layer2.2.conv2.weight,weight,"(128, 128, 3, 3)",147456,8,147456,0.00390625,1.2712263242065092e-06,0.0027261698366551,1.2712263242065092e-06,0.0027261698366551,81228,1.815334613680012,44.91373697916667,4.406901041666667,True,regular
0.028269020000152478,0.00690926000024768,482189312.0,482249932.8,27033.6,19660.8,layer2.2.conv2.weight,weight,"(128, 128, 3, 3)",147456,16,294912,0.00390625,1.2712263242065092e-06,0.0027261698366551,1.2712263242065092e-06,0.0027261698366551,81089,3.636892796803512,72.50400119357639,4.399359809027778,True,regular
0.01321844000012784,0.00335424000004418,479974195.2,479976652.8,18841.6,20480.0,layer2.2.conv3.weight,weight,"(512, 128, 1, 1)",65536,8,65536,0.00390625,1.27734926991252e-06,0.001864529313782,1.27734926991252e-06,0.001864529313782,38464,1.7038269550748752,41.30859375,4.6953125,True,regular
0.0137577600002259,0.00363655999935866,479987302.4,480013516.8,19660.8,19660.8,layer2.2.conv3.weight,weight,"(512, 128, 1, 1)",65536,16,131072,0.00390625,1.27734926991252e-06,0.001864529313782,1.27734926991252e-06,0.001864529313782,38394,3.413866750013023,70.70770263671875,4.686767578125,True,regular
7.654000037290668e-05,1.900000024761539e-05,480014336.0,480013516.8,20480.0,18022.4,layer2.3.bn1.bias,bias,"(128,)",128,8,128,0.0019083174950006,2.750360863501556e-07,5.912522924383467e-05,2.750360863501556e-07,5.912522924383467e-05,130,0.9846153846153848,-1.5625,8.125,True,regular
9.882000013020221e-05,5.272000016702805e-05,480012697.6,480012697.6,5734.4,18841.6,layer2.3.bn1.bias,bias,"(128,)",128,16,256,7.679547221151475e-06,4.137668940112915e-12,8.894855502990697e-10,4.137668940112915e-12,8.894855502990697e-10,258,0.992248062015504,-0.78125,16.125,True,bypass
6.796000016038307e-05,2.265999937662855e-05,480013516.8,480013516.8,19660.8,19660.8,layer2.3.bn1.weight,weight,"(128,)",128,8,128,0.0019604169055595,2.6877191316998505e-07,0.0004632953809884,2.6877191316998505e-07,0.0004632953809884,117,1.094017094017094,8.59375000000001,7.3125,True,regular
0.00011696000001388,3.9620000825379976e-05,480014336.0,480012697.6,20480.0,18841.6,layer2.3.bn1.weight,weight,"(128,)",128,16,256,7.597942718689599e-06,4.191634019046209e-12,7.225325953571999e-09,4.191634019046209e-12,7.225325953571999e-09,251,1.0199203187250996,1.953125,15.6875,True,regular
9.276000018870402e-05,2.6140000045415945e-05,483935846.4,483936665.6,19660.8,20480.0,layer2.3.bn2.bias,bias,"(128,)",128,8,128,0.0022033374992838,3.525335046106193e-07,5.842389115861359e-05,3.525335046106193e-07,5.842389115861359e-05,130,0.9846153846153848,-1.5625,8.125,True,regular
8.630000011179207e-05,5.7280000328319146e-05,483935846.4,483936665.6,10649.6,20480.0,layer2.3.bn2.bias,bias,"(128,)",128,16,256,8.682676685312011e-06,5.2362480670864464e-12,8.677813119886481e-10,5.2362480670864464e-12,8.677813119886481e-10,258,0.992248062015504,-0.78125,16.125,True,bypass
8.555999957023691e-05,2.956000025733374e-05,485599641.6,485361254.4,20480.0,18841.6,layer2.3.bn2.weight,weight,"(128,)",128,8,128,0.0021651192785874,3.369118815044203e-07,0.0004018354176117,3.369118815044203e-07,0.0004018354176117,116,1.103448275862069,9.375,7.25,True,regular
0.00010825999997902,3.4019999657175506e-05,484171776.0,484171776.0,20480.0,20480.0,layer2.3.bn2.weight,weight,"(128,)",128,16,256,8.357115222267116e-06,4.940237888911847e-12,5.892230770632587e-09,4.940237888911847e-12,5.892230770632587e-09,251,1.0199203187250996,1.953125,15.6875,True,regular
0.00018734000004764,5.686000040441286e-05,484010393.6,484011212.8,19660.8,20480.0,layer2.3.bn3.bias,bias,"(512,)",512,8,512,0.0017273431269482,2.344925178476842e-07,5.209137115083433e-05,2.344925178476842e-07,5.209137115083433e-05,500,1.024,2.34375,7.8125,True,regular
0.00023823999981682,0.00021250000027060002,484010393.6,484009574.4,16384.0,18841.6,layer2.3.bn3.bias,bias,"(512,)",512,16,1024,6.620367703897969e-06,3.3245992764330268e-12,7.385435425660783e-10,3.3245992764330268e-12,7.385435425660783e-10,1026,0.9980506822612084,-0.1953125,16.03125,True,bypass
0.00030918000011294,9.555999931760859e-05,484008755.2,484011212.8,18022.4,20480.0,layer2.3.bn3.weight,weight,"(512,)",512,8,512,0.0024966181943477,4.951056098434492e-07,0.0001107647650424,4.951056098434492e-07,0.0001107647650424,455,1.1252747252747253,11.1328125,7.109375,True,regular
0.00044819999966416,0.00012571999977807965,484009574.4,484009574.4,18841.6,18841.6,layer2.3.bn3.weight,weight,"(512,)",512,16,1024,9.819690634400748e-06,7.234896275826186e-12,1.6185871663859254e-09,7.234896275826186e-12,1.6185871663859254e-09,989,1.0353892821031343,3.41796875,15.453125,True,regular
0.01336114000005178,0.0033180799993714804,480014336.0,480013516.8,20480.0,19660.8,layer2.3.conv1.weight,weight,"(128, 512, 1, 1)",65536,8,65536,0.00390625,1.2730373555314145e-06,0.0021527408072949,1.2730373555314145e-06,0.0021527408072949,38315,1.7104528252642568,41.53594970703125,4.6771240234375,True,regular
0.01332057999970854,0.0034663200000067595,480012697.6,480013516.8,18841.6,19660.8,layer2.3.conv1.weight,weight,"(128, 512, 1, 1)",65536,16,131072,0.00390625,1.2730373555314145e-06,0.0021527408072949,1.2730373555314145e-06,0.0021527408072949,38230,3.428511640073241,70.83282470703125,4.666748046875,True,regular
0.02876128000025342,0.007296779999887761,481373388.8,481372569.6,25395.2,19660.8,layer2.3.conv2.weight,weight,"(128, 128, 3, 3)",147456,8,147456,0.00390625,1.274857709177013e-06,0.0025387045067015,1.274857709177013e-06,0.0025387045067015,84157,1.7521537127036373,42.92738172743056,4.565809461805555,True,regular
0.02979043999985148,0.00735998000054672,484312678.4,484314316.8,31948.8,19660.8,layer2.3.conv2.weight,weight,"(128, 128, 3, 3)",147456,16,294912,0.00390625,1.274857709177013e-06,0.0025387045067015,1.274857709177013e-06,0.0025387045067015,83930,3.513785297271536,71.54066297743056,4.553493923611111,True,regular
0.01223758000051014,0.0031829199997445803,483960422.4,483962060.8,18841.6,20480.0,layer2.3.conv3.weight,weight,"(512, 128, 1, 1)",65536,8,65536,0.00390625,1.2647944913624087e-06,0.0021389627520164,1.2647944913624087e-06,0.0021389627520164,37075,1.7676601483479433,43.42803955078125,4.5257568359375,True,regular
0.013369780000357379,0.0031668399999034,483998105.6,483998105.6,19660.8,19660.8,layer2.3.conv3.weight,weight,"(512, 128, 1, 1)",65536,16,131072,0.00390625,1.2647944913624087e-06,0.0021389627520164,1.2647944913624087e-06,0.0021389627520164,37022,3.540381394846308,71.75445556640625,4.519287109375,True,regular
0.00010778000032584,3.3479999910923655e-05,485310464.0,485312102.4,18841.6,20480.0,layer3.0.bn1.bias,bias,"(256,)",256,8,256,0.0031534772118152,7.655384024474188e-07,0.0001095043175216,7.655384024474188e-07,0.0001095043175216,236,1.0847457627118644,7.8125,7.375,True,regular
0.00025244000025848,5.236000069999136e-05,485311283.2,485311283.2,19660.8,19660.8,layer3.0.bn1.bias,bias,"(256,)",256,16,512,1.1803631393746706e-05,1.0367279083822734e-11,1.482958682413648e-09,1.0367279083822734e-11,1.482958682413648e-09,508,1.0078740157480317,0.78125,15.875,True,regular
0.00012175999981984,6.947999972906321e-05,486489292.8,486489292.8,20480.0,20480.0,layer3.0.bn1.weight,weight,"(256,)",256,8,256,0.002486836746974,4.820336698685423e-07,0.0004404592596778,4.820336698685423e-07,0.0004404592596778,216,1.1851851851851851,15.625,6.75,True,regular
0.00021731999986510003,8.260000031437784e-05,485546393.6,485547212.8,19660.8,20480.0,layer3.0.bn1.weight,weight,"(256,)",256,16,512,9.919981337706694e-06,7.568342653974103e-12,6.915588704138789e-09,7.568342653974103e-12,6.915588704138789e-09,479,1.068893528183716,6.445312499999989,14.96875,True,regular
0.0001581799995619554,3.2360000113840214e-05,489519513.6,489519513.6,19660.8,19660.8,layer3.0.bn2.bias,bias,"(256,)",256,8,256,0.0020931613358575,3.630523792708118e-07,5.462022575814686e-05,3.630523792708118e-07,5.462022575814686e-05,254,1.0078740157480317,0.78125,7.9375,True,regular
0.00014797999974684002,9.949999948729465e-05,489519513.6,489520332.8,13926.4,20480.0,layer3.0.bn2.bias,bias,"(256,)",256,16,512,8.544977497671807e-06,5.302091231340622e-12,7.976849528648678e-10,5.302091231340622e-12,7.976849528648678e-10,514,0.9961089494163424,-0.390625,16.0625,True,bypass
0.00013990000006738,6.156000017654151e-05,497791795.2,494246297.6,18841.6,20480.0,layer3.0.bn2.weight,weight,"(256,)",256,8,256,0.0025930608377976,5.283976065584284e-07,0.0006234563406415,5.283976065584284e-07,0.0006234563406415,227,1.1277533039647578,11.32812500000001,7.09375,True,regular
0.0001978400003281,7.372000000030192e-05,489517875.2,489518694.4,18841.6,19660.8,layer3.0.bn2.weight,weight,"(256,)",256,16,512,9.953645215903794e-06,7.524055163632415e-12,8.877632753971779e-09,7.524055163632415e-12,8.877632753971779e-09,496,1.032258064516129,3.125,15.5,True,regular
0.00032319999954773997,9.205999995174353e-05,491719884.8,491721523.2,18841.6,20480.0,layer3.0.bn3.bias,bias,"(1024,)",1024,8,1024,0.001263571959084,1.3483028737937278e-07,0.0001061567150824,1.3483028737937278e-07,0.0001061567150824,901,1.136514983351831,12.01171875,7.0390625,True,regular
0.0006613800003833,0.0002791599999909,491719065.6,491719884.8,18022.4,18841.6,layer3.0.bn3.bias,bias,"(1024,)",1024,16,2048,5.2052924798617225e-06,2.1408003408190934e-12,1.6855287950945507e-09,2.1408003408190934e-12,1.6855287950945507e-09,1923,1.0650026001040045,6.103515625000011,15.0234375,True,regular
0.00052723999979202,0.00010809999985206,494874624.0,493826867.2,19660.8,20480.0,layer3.0.bn3.weight,weight,"(1024,)",1024,8,1024,0.0026953365894915,5.87220597481064e-07,0.0001537350575883,5.87220597481064e-07,0.0001537350575883,877,1.1676168757126568,14.35546875,6.8515625,True,regular
0.0009621999997761401,0.00024441999958066,491720704.0,491719884.8,19660.8,18841.6,layer3.0.bn3.weight,weight,"(1024,)",1024,16,2048,1.0621167038491128e-05,8.898435807647154e-12,2.329621180189286e-09,8.898435807647154e-12,2.329621180189286e-09,1906,1.074501573976915,6.93359375,14.890625,True,regular
0.027603159999489403,0.007086920000074259,484116070.4,484116889.6,19660.8,19660.8,layer3.0.conv1.weight,weight,"(256, 512, 1, 1)",131072,8,131072,0.00390625,1.271433461624838e-06,0.0013432360902839,1.271433461624838e-06,0.0013432360902839,81386,1.610498120069791,37.90740966796875,4.9674072265625,True,regular
0.030170580000049064,0.00796090000003454,485963366.4,485963366.4,21299.2,20480.0,layer3.0.conv1.weight,weight,"(256, 512, 1, 1)",131072,16,262144,0.00390625,1.271433461624838e-06,0.0013432360902839,1.271433461624838e-06,0.0013432360902839,81252,3.2263082754886034,69.00482177734375,4.959228515625,True,regular
0.09874945999981717,0.0251424400004907,497130700.8,497079910.4,22118.4,490700.8,layer3.0.conv2.weight,weight,"(256, 256, 3, 3)",589824,8,589824,0.00390625,1.2715184993794535e-06,0.0042178410541676,1.2715184993794535e-06,0.0042178410541676,295043,1.999111993844965,49.97778998480903,4.001776801215278,True,regular
0.09960092000001164,0.025500679999458896,503698227.2,503463936.0,18841.6,964198.4,layer3.0.conv2.weight,weight,"(256, 256, 3, 3)",589824,16,1179648,0.00390625,1.2715184993794535e-06,0.0042178410541676,1.2715184993794535e-06,0.0042178410541676,294609,4.004113927273098,75.02568562825522,3.9958902994791674,True,regular
0.04872233999994928,0.013134659999923259,494782054.4,494993408.0,18841.6,230195.2,layer3.0.conv3.weight,weight,"(1024, 256, 1, 1)",262144,8,262144,0.00390625,1.2240151363585028e-06,0.0022401619005452,1.2240151363585028e-06,0.0022401619005452,144950,1.808513280441532,44.705963134765625,4.42352294921875,True,regular
0.050997480000296434,0.0132719199998973,497940070.4,496979148.8,18022.4,19660.8,layer3.0.conv3.weight,weight,"(1024, 256, 1, 1)",262144,16,524288,0.00390625,1.2240151363585028e-06,0.0022401619005452,1.2240151363585028e-06,0.0022401619005452,144654,3.6244279453039674,72.40943908691406,4.41448974609375,True,regular
0.08006765999962225,0.0210396799997397,502226124.8,502655385.6,18841.6,439091.2,layer3.0.downsample.0.weight,weight,"(1024, 512, 1, 1)",524288,8,524288,0.00390625,1.2233266488692609e-06,0.0046907512036506,1.2233266488692609e-06,0.0046907512036506,251547,2.0842546323351105,52.021217346191406,3.838302612304688,True,regular
0.08042413999974082,0.021212260000174822,508538880.0,507491123.2,18841.6,19660.8,layer3.0.downsample.0.weight,weight,"(1024, 512, 1, 1)",524288,16,1048576,0.00390625,1.2233266488692609e-06,0.0046907512036506,1.2233266488692609e-06,0.0046907512036506,251195,4.174350604112343,76.0441780090332,3.832931518554688,True,regular
0.00032533999910804,0.00013279999984656916,495932211.2,495933030.4,19660.8,20480.0,layer3.0.downsample.1.bias,bias,"(1024,)",1024,8,1024,0.001263571959084,1.3483028737937278e-07,0.0001061567150824,1.3483028737937278e-07,0.0001061567150824,901,1.136514983351831,12.01171875,7.0390625,True,regular
0.00065852000043374,0.00024062000011324,495931392.0,495933030.4,18841.6,20480.0,layer3.0.downsample.1.bias,bias,"(1024,)",1024,16,2048,5.2052924798617225e-06,2.1408003408190934e-12,1.6855287950945507e-09,2.1408003408190934e-12,1.6855287950945507e-09,1923,1.0650026001040045,6.103515625000011,15.0234375,True,regular
0.00044750000051856,0.0001099999997677,503288627.2,500135526.4,19660.8,20480.0,layer3.0.downsample.1.weight,weight,"(1024,)",1024,8,1024,0.0023610688498348,4.359258696240431e-07,0.0001399327524162,4.359258696240431e-07,0.0001399327524162,866,1.1824480369515011,15.4296875,6.765625,True,regular
0.00078260000009318,0.00019442000011617999,495930572.8,495930572.8,18022.4,18022.4,layer3.0.downsample.1.weight,weight,"(1024,)",1024,16,2048,9.186090105277748e-06,6.494315068356071e-12,2.084683304885903e-09,6.494315068356071e-12,2.084683304885903e-09,1888,1.0847457627118644,7.8125,14.75,True,regular
0.00010178000047742796,3.990000004705507e-05,498038374.4,498039193.6,19660.8,20480.0,layer3.1.bn1.bias,bias,"(256,)",256,8,256,0.0013753126243527,1.48320353332565e-07,4.4813732881709705e-05,1.48320353332565e-07,4.4813732881709705e-05,256,1.0,,8.0,True,regular
0.00013065999992244,0.00010737999982663091,498038374.4,498039193.6,13926.4,20480.0,layer3.1.bn1.bias,bias,"(256,)",256,16,512,5.677105487783351e-06,2.4700198483773583e-12,7.462954827886116e-10,2.4700198483773583e-12,7.462954827886116e-10,514,0.9961089494163424,-0.390625,16.0625,True,bypass
0.00011698000016618,3.715999991982244e-05,501196390.4,500142899.2,20480.0,19660.8,layer3.1.bn1.weight,weight,"(256,)",256,8,256,0.0024408512985226,4.637340111912636e-07,0.0005782022392084,4.637340111912636e-07,0.0005782022392084,217,1.1797235023041477,15.234375,6.78125,True,regular
0.00024703999988556,7.06800001353116e-05,498038374.4,498035916.8,19660.8,17203.2,layer3.1.bn1.weight,weight,"(256,)",256,16,512,9.522641145184552e-06,6.279999957559124e-12,7.830156835729815e-09,6.279999957559124e-12,7.830156835729815e-09,493,1.0385395537525357,3.7109375,15.40625,True,regular
0.00010007999953811932,4.6799999836366624e-05,502763520.0,502764339.2,18022.4,18841.6,layer3.1.bn2.bias,bias,"(256,)",256,8,256,0.00317911232972,7.572130016342271e-07,0.0001272482362685,7.572130016342271e-07,0.0001272482362685,225,1.1377777777777778,12.109375,7.03125,True,regular
0.00023266000025609998,6.819999944127349e-05,502764339.2,502763520.0,18841.6,18022.4,layer3.1.bn2.bias,bias,"(256,)",256,16,512,1.21952949954146e-05,1.1257115031804156e-11,1.891737239293876e-09,1.1257115031804156e-11,1.891737239293876e-09,497,1.0301810865191148,2.929687500000011,15.53125,True,regular
0.00015234000020422,3.756000005523674e-05,511039897.6,507490304.0,20480.0,18022.4,layer3.1.bn2.weight,weight,"(256,)",256,8,256,0.0032812390701155,8.698758051650657e-07,0.000557773237648,8.698758051650657e-07,0.000557773237648,197,1.299492385786802,23.04687499999999,6.15625,True,regular
0.00019339999998914,5.2799999684793876e-05,502764339.2,502765977.6,18841.6,20480.0,layer3.1.bn2.weight,weight,"(256,)",256,16,512,1.3606770684800249e-05,1.4330608748280847e-11,9.188932479251429e-09,1.4330608748280847e-11,9.188932479251429e-09,463,1.105831533477322,9.5703125,14.46875,True,regular
0.00049114000030382,0.00012025999967588,504874598.4,504873779.2,19660.8,18841.6,layer3.1.bn3.bias,bias,"(1024,)",1024,8,1024,0.0016921699846921,2.264268346152676e-07,7.906393186484156e-05,2.264268346152676e-07,7.906393186484156e-05,924,1.1082251082251082,9.765625,7.21875,True,regular
0.00079682000032328,0.00020655999942388,504872960.0,504875417.6,18022.4,20480.0,layer3.1.bn3.bias,bias,"(1024,)",1024,16,2048,6.584066162543487e-06,3.3635264712339467e-12,1.174479289078487e-09,3.3635264712339467e-12,1.174479289078487e-09,1971,1.039066463723998,3.759765625,15.3984375,True,regular
0.00037386000003604,0.00013746000040548,508028518.4,506979123.2,19660.8,18841.6,layer3.1.bn3.weight,weight,"(1024,)",1024,8,1024,0.0032159216919529,8.175529728760011e-07,0.0003851041298117,8.175529728760011e-07,0.0003851041298117,782,1.3094629156010231,23.63281250000001,6.109375,True,regular
0.0008310199998958999,0.00020764000000776003,504873779.2,504873779.2,18841.6,18841.6,layer3.1.bn3.weight,weight,"(1024,)",1024,16,2048,1.261860318070364e-05,1.2704960347664772e-11,5.9846063329307944e-09,1.2704960347664772e-11,5.9846063329307944e-09,1831,1.1185144729655925,10.59570312499999,14.3046875,True,regular
0.03960325999942138,0.01067534000067092,501195571.2,501195571.2,19660.8,19660.8,layer3.1.conv1.weight,weight,"(256, 1024, 1, 1)",262144,8,262144,0.00390625,1.2167355407655125e-06,0.0052567358202522,1.2167355407655125e-06,0.0052567358202522,127872,2.05005005005005,51.220703125,3.90234375,True,regular
0.04005495999990668,0.01062937999995478,504354406.4,503300096.0,20480.0,18841.6,layer3.1.conv1.weight,weight,"(256, 1024, 1, 1)",262144,16,524288,0.00390625,1.2167355407655125e-06,0.0052567358202522,1.2167355407655125e-06,0.0052567358202522,127619,4.108228398592686,75.65860748291016,3.894622802734375,True,regular
0.09140762000024548,0.02375702000026644,509855334.4,510801510.4,19660.8,965836.8,layer3.1.conv2.weight,weight,"(256, 256, 3, 3)",589824,8,589824,0.00390625,1.27419821183139e-06,0.0055899282211139,1.27419821183139e-06,0.0055899282211139,284301,2.0746462376143597,51.79901123046875,3.8560791015625,True,regular
0.09174309999980318,0.02405395999994648,516944691.2,516238540.8,18841.6,492339.2,layer3.1.conv2.weight,weight,"(256, 256, 3, 3)",589824,16,1179648,0.00390625,1.27419821183139e-06,0.0055899282211139,1.27419821183139e-06,0.0055899282211139,283931,4.154699557286806,75.93087090386284,3.8510606553819446,True,regular
0.04584747999979296,0.0122939599998062,508026880.0,508239872.0,18022.4,231014.4,layer3.1.conv3.weight,weight,"(1024, 256, 1, 1)",262144,8,262144,0.00390625,1.2664791029237676e-06,0.0030563794865401,1.2664791029237676e-06,0.0030563794865401,141665,1.85045000529418,45.95909118652344,4.323272705078125,True,regular
0.048100560000239025,0.01220317999977848,511187353.6,510132224.0,20480.0,18022.4,layer3.1.conv3.weight,weight,"(1024, 256, 1, 1)",262144,16,524288,0.00390625,1.2664791029237676e-06,0.0030563794865401,1.2664791029237676e-06,0.0030563794865401,141341,3.709383689092337,73.04134368896484,4.313385009765625,True,regular
0.00016723999979144,4.349999981059227e-05,506980761.6,506979123.2,20480.0,18841.6,layer3.2.bn1.bias,bias,"(256,)",256,8,256,0.0018248773965393,2.5034808004420483e-07,6.858868409704418e-05,2.5034808004420483e-07,6.858868409704418e-05,248,1.032258064516129,3.125,7.75,True,regular
0.00018305999983562001,7.57200003135795e-05,506979123.2,506979123.2,18841.6,18841.6,layer3.2.bn1.bias,bias,"(256,)",256,16,512,7.561855051089232e-06,4.400090534983914e-12,1.2055072267744832e-09,4.400090534983914e-12,1.2055072267744832e-09,512,1.0,,16.0,True,regular
0.00012122000043742,3.5559999741963114e-05,510137139.2,509084467.2,18841.6,18841.6,layer3.2.bn1.weight,weight,"(256,)",256,8,256,0.001857789290679,2.4569334300394985e-07,0.0003394648679247,2.4569334300394985e-07,0.0003394648679247,226,1.1327433628318584,11.71875,7.0625,True,regular
0.00025628000003048,5.6140000378945845e-05,506977484.8,506979942.4,17203.2,19660.8,layer3.2.bn1.weight,weight,"(256,)",256,16,512,7.483610476498489e-06,4.162167138721529e-12,5.750703298477318e-09,4.162167138721529e-12,5.750703298477318e-09,489,1.047034764826176,4.492187500000011,15.28125,True,regular
0.00013910000016036,3.3280000570812264e-05,511709184.0,511710003.2,19660.8,20480.0,layer3.2.bn2.bias,bias,"(256,)",256,8,256,0.001802095617122,2.487883534740831e-07,4.794233671229403e-05,2.487883534740831e-07,4.794233671229403e-05,254,1.0078740157480317,0.78125,7.9375,True,regular
0.00022855999995949997,0.00011368000014040267,511709184.0,511708364.8,3276.8,18841.6,layer3.2.bn2.bias,bias,"(256,)",256,16,512,6.748416980797605e-06,3.454581239126231e-12,6.657092048459447e-10,3.454581239126231e-12,6.657092048459447e-10,514,0.9961089494163424,-0.390625,16.0625,True,bypass
0.00016496000098410003,4.856000014115125e-05,519982284.8,516434329.6,18841.6,18022.4,layer3.2.bn2.weight,weight,"(256,)",256,8,256,0.0025138281039949,4.772203965330846e-07,0.0004790675585781,4.772203965330846e-07,0.0004790675585781,229,1.1179039301310043,10.546875,7.15625,True,regular
0.00020015999980382,7.445999981427576e-05,511708364.8,511710003.2,18841.6,20480.0,layer3.2.bn2.weight,weight,"(256,)",256,16,512,1.0037608852834309e-05,7.553012035255158e-12,7.582247242423477e-09,7.553012035255158e-12,7.582247242423477e-09,495,1.0343434343434343,3.3203125,15.46875,True,regular
0.00036775999978994,0.00010880000081667536,513815347.2,513816166.4,19660.8,20480.0,layer3.2.bn3.bias,bias,"(1024,)",1024,8,1024,0.0020607445609977,3.428761488066812e-07,0.0001578155085288,3.428761488066812e-07,0.0001578155085288,867,1.1810841983852365,15.33203125,6.7734375,True,regular
0.0007810600003722,0.00018063999996224,513813708.8,513813708.8,18022.4,18022.4,layer3.2.bn3.bias,bias,"(1024,)",1024,16,2048,8.019427682867363e-06,5.1859159327927165e-12,2.386920067114164e-09,5.1859159327927165e-12,2.386920067114164e-09,1923,1.0650026001040045,6.103515625000011,15.0234375,True,regular
0.00054348000012392,0.00012180000085204,516974182.4,515919872.0,20480.0,18841.6,layer3.2.bn3.weight,weight,"(1024,)",1024,8,1024,0.0019254410291197,2.938874104074785e-07,0.0001698451236355,2.938874104074785e-07,0.0001698451236355,866,1.1824480369515011,15.4296875,6.765625,True,regular
0.00084000000024388,0.00024010000015545996,513815347.2,513815347.2,19660.8,19660.8,layer3.2.bn3.weight,weight,"(1024,)",1024,16,2048,7.548508432477073e-06,4.455269052988653e-12,2.5748150357485376e-09,4.455269052988653e-12,2.5748150357485376e-09,1917,1.068335941575378,6.396484375,14.9765625,True,regular
0.04025140000048844,0.01101063999994946,510137958.4,510137958.4,19660.8,19660.8,layer3.2.conv1.weight,weight,"(256, 1024, 1, 1)",262144,8,262144,0.00390625,1.2629596994884196e-06,0.0050914866617783,1.2629596994884196e-06,0.0050914866617783,130152,2.014137316368554,50.3509521484375,3.971923828125,True,regular
0.04164825999978342,0.01086197999975408,513295974.4,512454656.0,19660.8,231014.4,layer3.2.conv1.weight,weight,"(256, 1024, 1, 1)",262144,16,524288,0.00390625,1.2629596994884196e-06,0.0050914866617783,1.2629596994884196e-06,0.0050914866617783,129960,4.034225915666359,75.21209716796875,3.966064453125,True,regular
0.09325983999988234,0.02470948000045604,518795264.0,519741440.0,18022.4,964198.4,layer3.2.conv2.weight,weight,"(256, 256, 3, 3)",589824,8,589824,0.00390625,1.2730201888189183e-06,0.0056550773485988,1.2730201888189183e-06,0.0056550773485988,290218,2.032348096947812,50.79583062065973,3.9363335503472223,True,regular
0.09290005999973794,0.02490550000002254,525888716.8,525654425.6,21299.2,964198.4,layer3.2.conv2.weight,weight,"(256, 256, 3, 3)",589824,16,1179648,0.00390625,1.2730201888189183e-06,0.0056550773485988,1.2730201888189183e-06,0.0056550773485988,289713,4.0717813836451935,75.4407246907552,3.9294840494791674,True,regular
0.047118159999808916,0.01216143999990888,516970905.6,516973363.2,18022.4,20480.0,layer3.2.conv3.weight,weight,"(1024, 256, 1, 1)",262144,8,262144,0.00390625,1.2681105090450728e-06,0.0034842186664618,1.2681105090450728e-06,0.0034842186664618,139652,1.8771231346489847,46.72698974609375,4.2618408203125,True,regular
0.04728853999986308,0.01212444000011598,520129740.8,519287603.2,18841.6,228556.8,layer3.2.conv3.weight,weight,"(1024, 256, 1, 1)",262144,16,524288,0.00390625,1.2681105090450728e-06,0.0034842186664618,1.2681105090450728e-06,0.0034842186664618,139374,3.761734613342517,73.41651916503906,4.25335693359375,True,regular
0.00013508000047289997,5.110000020067673e-05,515921510.4,515919052.8,20480.0,18022.4,layer3.3.bn1.bias,bias,"(256,)",256,8,256,0.0021980864701592,3.508241377403465e-07,7.28196275146858e-05,3.508241377403465e-07,7.28196275146858e-05,246,1.0406504065040652,3.906250000000011,7.6875,True,regular
0.00012747999971902,0.00010103999957205274,515919052.8,515921510.4,12288.0,20480.0,layer3.3.bn1.bias,bias,"(256,)",256,16,512,8.043279803915396e-06,4.617977875098767e-12,9.585413104745975e-10,4.617977875098767e-12,9.585413104745975e-10,514,0.9961089494163424,-0.390625,16.0625,True,bypass
0.00011703999953165998,5.7860000379150736e-05,519077068.8,518025216.0,18022.4,18841.6,layer3.3.bn1.weight,weight,"(256,)",256,8,256,0.0019161988169484,2.944086929801415e-07,0.0003454574398592,2.944086929801415e-07,0.0003454574398592,225,1.1377777777777778,12.109375,7.03125,True,regular
0.00020269999986334002,7.89800000347675e-05,515921510.4,515919872.0,20480.0,18841.6,layer3.3.bn1.weight,weight,"(256,)",256,16,512,7.564926639557308e-06,4.472275848266261e-12,5.247742344994646e-09,4.472275848266261e-12,5.247742344994646e-09,489,1.047034764826176,4.492187500000011,15.28125,True,regular
0.00011673999979387999,3.843999948003329e-05,520649113.6,520649932.8,19660.8,20480.0,layer3.3.bn2.bias,bias,"(256,)",256,8,256,0.0016469406537071,2.138346957281101e-07,5.497610661803472e-05,2.138346957281101e-07,5.497610661803472e-05,252,1.0158730158730158,1.5625,7.875,True,regular
0.00016652000085736,0.00012916000014226604,520647475.2,520649932.8,13926.4,20480.0,layer3.3.bn2.bias,bias,"(256,)",256,16,512,6.888125526657624e-06,3.5980806008251158e-12,9.250531680918452e-10,3.5980806008251158e-12,9.250531680918452e-10,514,0.9961089494163424,-0.390625,16.0625,True,bypass
0.00015443999945996,4.5899999895482325e-05,528923033.6,525374259.2,19660.8,18022.4,layer3.3.bn2.weight,weight,"(256,)",256,8,256,0.0020426652629552,2.997721253450436e-07,0.0003895612065879,2.997721253450436e-07,0.0003895612065879,224,1.1428571428571428,12.5,7.0,True,regular
0.00025054000034282,5.6459999905200674e-05,520648294.4,520649932.8,18841.6,20480.0,layer3.3.bn2.weight,weight,"(256,)",256,16,512,8.51129412107198e-06,5.151635194822202e-12,6.6946758978538615e-09,5.151635194822202e-12,6.6946758978538615e-09,490,1.0448979591836736,4.296875000000011,15.3125,True,regular
0.00047581999933749995,0.0001305599995248,522754457.6,522754457.6,19660.8,19660.8,layer3.3.bn3.bias,bias,"(1024,)",1024,8,1024,0.0018123211904797,2.6453670898263226e-07,0.0001210252305509,2.6453670898263226e-07,0.0001210252305509,893,1.1466965285554311,12.79296875,6.9765625,True,regular
0.0008647800001198799,0.00021170000036357998,522753638.4,522755276.8,18841.6,20480.0,layer3.3.bn3.bias,bias,"(1024,)",1024,16,2048,6.958186403347471e-06,3.845523725842792e-12,1.7593225427931735e-09,3.845523725842792e-12,1.7593225427931735e-09,1952,1.0491803278688523,4.6875,15.25,True,regular
0.0005110800000692999,0.00020162000000704,525912473.6,524858982.4,19660.8,18841.6,layer3.3.bn3.weight,weight,"(1024,)",1024,8,1024,0.0023424910601881,4.403948707931704e-07,0.0002035619071943,4.403948707931704e-07,0.0002035619071943,846,1.210401891252955,17.3828125,6.609375,True,regular
0.0008582799997384,0.00018154000026694,522754457.6,522753638.4,19660.8,18841.6,layer3.3.bn3.weight,weight,"(1024,)",1024,16,2048,9.211366787578022e-06,6.706113095389377e-12,3.0997390344253504e-09,6.706113095389377e-12,3.0997390344253504e-09,1900,1.0778947368421052,7.2265625,14.84375,True,regular
0.044942799999625936,0.01189964000041068,519077068.8,519079526.4,18022.4,20480.0,layer3.3.conv1.weight,weight,"(256, 1024, 1, 1)",262144,8,262144,0.00390625,1.2713544492726214e-06,0.0042268342454474,1.2713544492726214e-06,0.0042268342454474,136288,1.923456210378023,48.01025390625,4.1591796875,True,regular
0.04417924000008492,0.01159765999946096,522236723.2,521183232.0,19660.8,18841.6,layer3.3.conv1.weight,weight,"(256, 1024, 1, 1)",262144,16,524288,0.00390625,1.2713544492726214e-06,0.0042268342454474,1.2713544492726214e-06,0.0042268342454474,135951,3.856448279159403,74.06940460205078,4.148895263671875,True,regular
0.09325353999993236,0.02503521999969958,527738470.4,529630003.2,20480.0,1910374.4,layer3.3.conv2.weight,weight,"(256, 256, 3, 3)",589824,8,589824,0.00390625,1.2692307791439816e-06,0.0056973820981323,1.2692307791439816e-06,0.0056973820981323,290404,2.0310464043195,50.76429578993056,3.9388563368055554,True,regular
0.09408593999942236,0.02508358000013682,534830284.8,535540531.2,20480.0,1910374.4,layer3.3.conv2.weight,weight,"(256, 256, 3, 3)",589824,16,1179648,0.00390625,1.2692307791439816e-06,0.0056973820981323,1.2692307791439816e-06,0.0056973820981323,289827,4.070179796913331,75.43106079101562,3.9310302734375,True,regular
0.04461448000001832,0.01181530000030756,525912473.6,525912473.6,19660.8,19660.8,layer3.3.conv3.weight,weight,"(1024, 256, 1, 1)",262144,8,262144,0.00390625,1.272074996450101e-06,0.0038358472802208,1.272074996450101e-06,0.0038358472802208,137532,1.9060582264491173,47.53570556640625,4.1971435546875,True,regular
0.04646092000039056,0.01184712000031134,529071308.8,528017817.6,20480.0,19660.8,layer3.3.conv3.weight,weight,"(1024, 256, 1, 1)",262144,16,524288,0.00390625,1.272074996450101e-06,0.0038358472802208,1.272074996450101e-06,0.0038358472802208,137193,3.8215360842025463,73.83251190185547,4.186798095703125,True,regular
0.00011231999960723999,3.178000042680651e-05,524858982.4,524860620.8,18841.6,20480.0,layer3.4.bn1.bias,bias,"(256,)",256,8,256,0.0026115550435709,4.961076456311275e-07,9.364333720141592e-05,4.961076456311275e-07,9.364333720141592e-05,239,1.0711297071129706,6.640624999999989,7.46875,True,regular
0.00024972000028352,5.444000016723294e-05,524859801.6,524859801.6,19660.8,19660.8,layer3.4.bn1.bias,bias,"(256,)",256,16,512,1.0101531090664634e-05,7.81372883063014e-12,1.4748888676292832e-09,7.81372883063014e-12,1.4748888676292832e-09,509,1.005893909626719,0.5859374999999889,15.90625,True,regular
0.00015147999984034002,4.8020000031101516e-05,528016998.4,526965145.6,18841.6,19660.8,layer3.4.bn1.weight,weight,"(256,)",256,8,256,0.0022169401622646,3.474205243492179e-07,0.0003633990612641,3.474205243492179e-07,0.0003633990612641,230,1.1130434782608696,10.15625,7.1875,True,regular
0.00025811999948922,5.4220000674831684e-05,524858982.4,524858982.4,18841.6,18841.6,layer3.4.bn1.weight,weight,"(256,)",256,16,512,8.294855889606818e-06,5.070970986870149e-12,5.304194678130891e-09,5.070970986870149e-12,5.304194678130891e-09,492,1.0406504065040652,3.906250000000011,15.375,True,regular
0.00010857999986907999,4.9400000352761705e-05,529586585.6,529586585.6,19660.8,19660.8,layer3.4.bn2.bias,bias,"(256,)",256,8,256,0.0026113720347538,5.467641130962875e-07,0.0001287950036606,5.467641130962875e-07,0.0001287950036606,232,1.103448275862069,9.375,7.25,True,regular
0.00029068000039838,6.940000057509677e-05,529587404.8,529586585.6,20480.0,19660.8,layer3.4.bn2.bias,bias,"(256,)",256,16,512,1.0216714656762955e-05,7.865401038809061e-12,1.8527630678780015e-09,7.865401038809061e-12,1.8527630678780015e-09,504,1.0158730158730158,1.5625,15.75,True,regular
0.00018117999970852,4.361999926913995e-05,537861324.8,534311731.2,20480.0,18022.4,layer3.4.bn2.weight,weight,"(256,)",256,8,256,0.0020896251071528,3.4359015899099177e-07,0.0004405988419735,3.4359015899099177e-07,0.0004405988419735,224,1.1428571428571428,12.5,7.0,True,regular
0.00019158000031888,6.897999992359843e-05,529586585.6,529587404.8,19660.8,20480.0,layer3.4.bn2.weight,weight,"(256,)",256,16,512,7.955112291025952e-06,4.912573819959576e-12,6.299581869691088e-09,4.912573819959576e-12,6.299581869691088e-09,487,1.051334702258727,4.8828125,15.21875,True,regular
0.0003921199997421,0.0001119399996241,531692748.8,531691110.4,20480.0,18841.6,layer3.4.bn3.bias,bias,"(1024,)",1024,8,1024,0.0024715714366562,5.013226882510935e-07,0.0001655830292581,5.013226882510935e-07,0.0001655830292581,866,1.1824480369515011,15.4296875,6.765625,True,regular
0.00070420000010922,0.0002657799999724,531691929.6,531691929.6,19660.8,19660.8,layer3.4.bn3.bias,bias,"(1024,)",1024,16,2048,9.777476493567832e-06,7.500009294170162e-12,2.477195402277326e-09,7.500009294170162e-12,2.477195402277326e-09,1920,1.0666666666666669,6.25,15.0,True,regular
0.00049947999941646,0.00011025999992846001,534850764.8,533797273.6,20480.0,19660.8,layer3.4.bn3.weight,weight,"(1024,)",1024,8,1024,0.0018603758038224,2.799095568661869e-07,0.0001167123333661,2.799095568661869e-07,0.0001167123333661,905,1.1314917127071824,11.62109375000001,7.0703125,True,regular
0.0007254000000102201,0.00018889999955712,531691929.6,531690291.2,19660.8,18022.4,layer3.4.bn3.weight,weight,"(1024,)",1024,16,2048,7.298134325070891e-06,4.159471378439861e-12,1.7343516798161692e-09,4.159471378439861e-12,1.7343516798161692e-09,1958,1.0459652706843718,4.39453125,15.296875,True,regular
0.045248400000127684,0.011779099999694101,528017817.6,528018636.8,19660.8,20480.0,layer3.4.conv1.weight,weight,"(256, 1024, 1, 1)",262144,8,262144,0.00390625,1.2723080544674303e-06,0.0038790107510003,1.2723080544674303e-06,0.0038790107510003,138945,1.8866745834682788,46.99668884277344,4.240264892578125,True,regular
0.04632139999994246,0.01200486000052476,531175014.4,530123980.8,18841.6,20480.0,layer3.4.conv1.weight,weight,"(256, 1024, 1, 1)",262144,16,524288,0.00390625,1.2723080544674303e-06,0.0038790107510003,1.2723080544674303e-06,0.0038790107510003,138562,3.7837791024956338,73.57139587402344,4.22857666015625,True,regular
0.09191320000027184,0.024459199999910138,536677580.8,538566656.0,20480.0,1909555.2,layer3.4.conv2.weight,weight,"(256, 256, 3, 3)",589824,8,589824,0.00390625,1.2710947885352653e-06,0.0057467723613763,1.2710947885352653e-06,0.0057467723613763,289195,2.0395373363993152,50.969272189670136,3.922458224826389,True,regular
0.09389988000039007,0.02485896000034694,543766118.4,543532646.4,18841.6,965017.6,layer3.4.conv2.weight,weight,"(256, 256, 3, 3)",589824,16,1179648,0.00390625,1.2710947885352653e-06,0.0057467723613763,1.2710947885352653e-06,0.0057467723613763,288580,4.087767690068612,75.53677029079861,3.9141167534722223,True,regular
0.04441956000009664,0.01167194000008744,534850764.8,535271833.6,20480.0,441548.8,layer3.4.conv3.weight,weight,"(1024, 256, 1, 1)",262144,8,262144,0.00390625,1.2731447895930614e-06,0.0038636473085623,1.2731447895930614e-06,0.0038636473085623,137012,1.913292266370829,47.73406982421875,4.1812744140625,True,regular
0.04651130000020196,0.0122415999998338,538008780.8,537377177.6,20480.0,441548.8,layer3.4.conv3.weight,weight,"(1024, 256, 1, 1)",262144,16,524288,0.00390625,1.2731447895930614e-06,0.0038636473085623,1.2731447895930614e-06,0.0038636473085623,136711,3.8350096188309646,73.92444610595703,4.172088623046875,True,regular
0.00011124000011471999,5.2320000031613743e-05,533795635.2,533798092.8,18022.4,20480.0,layer3.5.bn1.bias,bias,"(256,)",256,8,256,0.0024693402188708,4.869506256000022e-07,9.331180330674824e-05,4.869506256000022e-07,9.331180330674824e-05,242,1.0578512396694215,5.46875,7.5625,True,regular
0.00020307999984648002,7.106000011844612e-05,533796454.4,533798092.8,18841.6,20480.0,layer3.5.bn1.bias,bias,"(256,)",256,16,512,9.844242830571065e-06,7.148635849940632e-12,1.3698557251452603e-09,7.148635849940632e-12,1.3698557251452603e-09,511,1.0019569471624266,0.1953125,15.96875,True,regular
0.00014309999933169999,3.572000023268629e-05,536955289.6,535901798.4,19660.8,18841.6,layer3.5.bn1.weight,weight,"(256,)",256,8,256,0.0023284017797597,4.268877944468841e-07,0.0004217772583374,4.268877944468841e-07,0.0004217772583374,227,1.1277533039647578,11.32812500000001,7.09375,True,regular
0.00020312000015106,6.0400000074878334e-05,533796454.4,533798092.8,18841.6,20480.0,layer3.5.bn1.weight,weight,"(256,)",256,16,512,1.0517301607134592e-05,8.017433938967145e-12,7.921452310578759e-09,8.017433938967145e-12,7.921452310578759e-09,496,1.032258064516129,3.125,15.5,True,regular
0.00010409999995311999,3.116000007139519e-05,538524876.8,538524057.6,20480.0,19660.8,layer3.5.bn2.bias,bias,"(256,)",256,8,256,0.0031330411990041,8.274150786746759e-07,0.0002012112979298,8.274150786746759e-07,0.0002012112979298,221,1.158371040723982,13.67187500000001,6.90625,True,regular
0.00018625999982754,5.483999957505148e-05,538523238.4,538524876.8,18841.6,20480.0,layer3.5.bn2.bias,bias,"(256,)",256,16,512,1.2351064123632088e-05,1.1385541814901146e-11,2.768742926320127e-09,1.1385541814901146e-11,2.768742926320127e-09,489,1.047034764826176,4.492187500000011,15.28125,True,regular
0.00014407999988176,3.326000005472451e-05,546797158.4,543250841.6,18841.6,19660.8,layer3.5.bn2.weight,weight,"(256,)",256,8,256,0.0042296720178279,1.3150513495929772e-06,0.0008941944103038,1.3150513495929772e-06,0.0008941944103038,192,1.3333333333333333,25.0,6.0,True,regular
0.00024169999924192,5.2460000006249174e-05,538524057.6,538524876.8,19660.8,20480.0,layer3.5.bn2.weight,weight,"(256,)",256,16,512,1.6769961570330733e-05,2.1503920172305516e-11,1.4622003333670845e-08,2.1503920172305516e-11,1.4622003333670845e-08,453,1.130242825607064,11.5234375,14.15625,True,regular
0.00036856000006075997,0.00010680000013958,540629401.6,540630220.8,19660.8,20480.0,layer3.5.bn3.bias,bias,"(1024,)",1024,8,1024,0.0029227073497527,7.063583780109184e-07,0.0001541701353739,7.063583780109184e-07,0.0001541701353739,886,1.1557562076749437,13.47656249999999,6.921875,True,regular
0.0007847199998650001,0.00018519999975974001,540629401.6,540628582.4,19660.8,18841.6,layer3.5.bn3.bias,bias,"(1024,)",1024,16,2048,1.1465668414165393e-05,1.0427122706935243e-11,2.2758290541074635e-09,1.0427122706935243e-11,2.2758290541074635e-09,1950,1.0502564102564105,4.78515625,15.234375,True,regular
0.00042541999937378003,0.0001697000003332,543787417.6,542733926.4,19660.8,18841.6,layer3.5.bn3.weight,weight,"(1024,)",1024,8,1024,0.002310907117785,4.589118702824635e-07,0.0001894020670755,4.589118702824635e-07,0.0001894020670755,872,1.1743119266055049,14.84375,6.8125,True,regular
0.0007683199994061799,0.00020250000015942,540629401.6,540630220.8,19660.8,16384.0,layer3.5.bn3.weight,weight,"(1024,)",1024,16,2048,9.260655617625938e-06,6.850359689225538e-12,2.827279853431944e-09,6.850359689225538e-12,2.827279853431944e-09,1924,1.0644490644490645,6.0546875,15.03125,True,regular
0.04755384000054616,0.012568959999771279,536955289.6,537375539.2,19660.8,439910.4,layer3.5.conv1.weight,weight,"(256, 1024, 1, 1)",262144,8,262144,0.00390625,1.2704197160928743e-06,0.0032723324896362,1.2704197160928743e-06,0.0032723324896362,143507,1.8266983492094464,45.25642395019531,4.379486083984375,True,regular
0.04939018000004576,0.01283578000038682,540113305.6,539481702.4,19660.8,440729.6,layer3.5.conv1.weight,weight,"(256, 1024, 1, 1)",262144,16,524288,0.00390625,1.2704197160928743e-06,0.0032723324896362,1.2704197160928743e-06,0.0032723324896362,143054,3.664965677296685,72.71461486816406,4.36566162109375,True,regular
0.09440923999973162,0.02484012000022626,545614233.6,546560409.6,19660.8,965836.8,layer3.5.conv2.weight,weight,"(256, 256, 3, 3)",589824,8,589824,0.00390625,1.273051452699292e-06,0.0054800993800677,1.273051452699292e-06,0.0054800993800677,288661,2.043310319024738,51.05980767144096,3.9152153862847214,True,regular
0.09603481999947686,0.02472883999980688,552705228.8,552942796.8,20480.0,1437696.0,layer3.5.conv2.weight,weight,"(256, 256, 3, 3)",589824,16,1179648,0.00390625,1.273051452699292e-06,0.0054800993800677,1.273051452699292e-06,0.0054800993800677,288040,4.0954311901124845,75.58254665798611,3.9067925347222223,True,regular
0.04627076000069788,0.0120164399999339,543787417.6,543788236.8,19660.8,20480.0,layer3.5.conv3.weight,weight,"(1024, 256, 1, 1)",262144,8,262144,0.00390625,1.2732300547213526e-06,0.0034414457867791,1.2732300547213526e-06,0.0034414457867791,140583,1.8646920324648075,46.37184143066406,4.290252685546875,True,regular
0.04794115999975472,0.01246289999980942,546944614.4,545892761.6,18841.6,19660.8,layer3.5.conv3.weight,weight,"(1024, 256, 1, 1)",262144,16,524288,0.00390625,1.2732300547213526e-06,0.0034414457867791,1.2732300547213526e-06,0.0034414457867791,140250,3.738238859180036,73.24943542480469,4.28009033203125,True,regular
0.00020849999964405998,9.903999962259605e-05,544831078.4,544832716.8,18841.6,20480.0,layer4.0.bn1.bias,bias,"(512,)",512,8,512,0.0027973513343418,6.096405513744685e-07,0.0001640003666896,6.096405513744685e-07,0.0001640003666896,457,1.1203501094091903,10.7421875,7.140625,True,regular
0.00037158000013728004,0.00011460000023358001,544832716.8,544832716.8,20480.0,20480.0,layer4.0.bn1.bias,bias,"(512,)",512,16,1024,1.0970134002709889e-05,8.799002325365901e-12,2.367033499673394e-09,8.799002325365901e-12,2.367033499673394e-09,984,1.0406504065040652,3.906250000000011,15.375,True,regular
0.00028506000053308,6.226000041351654e-05,552189132.8,549034393.6,20480.0,19660.8,layer4.0.bn1.weight,weight,"(512,)",512,8,512,0.0023701029132768,4.5237521817398374e-07,0.0007833126667566,4.5237521817398374e-07,0.0007833126667566,414,1.2367149758454106,19.140625,6.46875,True,regular
0.00036945999927406,0.00011825999972640262,544831897.6,544831897.6,19660.8,19660.8,layer4.0.bn1.weight,weight,"(512,)",512,16,1024,9.25959365263255e-06,6.76554992584677e-12,1.1714923235366853e-08,6.76554992584677e-12,1.1714923235366853e-08,938,1.091684434968017,8.3984375,14.65625,True,regular
0.00030791999997738,6.266000018513296e-05,563993804.8,563993804.8,18841.6,18841.6,layer4.0.bn2.bias,bias,"(512,)",512,8,512,0.0014913755566592,1.698970777397335e-07,9.146679091729408e-05,1.698970777397335e-07,9.146679091729408e-05,467,1.0963597430406853,8.7890625,7.296875,True,regular
0.00044374000026432,0.00010720000063882848,563995443.2,563995443.2,20480.0,20480.0,layer4.0.bn2.bias,bias,"(512,)",512,16,1024,5.809551267155471e-06,2.5825674064561266e-12,1.3903661919247763e-09,2.5825674064561266e-12,1.3903661919247763e-09,1000,1.024,2.34375,15.625,True,regular
0.00033048000004778,9.73400001384956e-05,597041971.2,582877184.0,20480.0,19660.8,layer4.0.bn2.weight,weight,"(512,)",512,8,512,0.0023238613495289,4.383533394047845e-07,0.0009682263623116,4.383533394047845e-07,0.0009682263623116,416,1.2307692307692308,18.75,6.5,True,regular
0.00039510000024160004,9.977999980035064e-05,563994624.0,563994624.0,19660.8,19660.8,layer4.0.bn2.weight,weight,"(512,)",512,16,1024,9.201342643863089e-06,6.48268244640704e-12,1.4318823375747821e-08,6.48268244640704e-12,1.4318823375747821e-08,937,1.0928495197438637,8.49609375000001,14.640625,True,regular
0.00072828000047588,0.00025853999941314,572402892.8,572402892.8,20480.0,20480.0,layer4.0.bn3.bias,bias,"(2048,)",2048,8,2048,0.0016181740785684,2.1392946791820577e-07,0.0002780088454864,2.1392946791820577e-07,0.0002780088454864,1620,1.2641975308641975,20.8984375,6.328125,True,regular
0.00162734000005,0.00037538000033234,572402073.6,572402073.6,19660.8,19660.8,layer4.0.bn3.bias,bias,"(2048,)",2048,16,4096,6.370746504601089e-06,3.217156792703624e-12,4.180808069089896e-09,3.217156792703624e-12,4.180808069089896e-09,3710,1.1040431266846362,9.42382812500001,14.4921875,True,regular
0.00089608000016594,0.00032767999982746,587096064.0,580797235.2,18841.6,19660.8,layer4.0.bn3.weight,weight,"(2048,)",2048,8,2048,0.0049927888888839,1.9914373297069687e-06,0.0004555790761095,1.9914373297069687e-06,0.0004555790761095,1744,1.1743119266055049,14.84375,6.8125,True,regular
0.00163468000027926,0.0003790999999182,572402073.6,572400435.2,20480.0,18841.6,layer4.0.bn3.weight,weight,"(2048,)",2048,16,4096,1.957482249911128e-05,3.0892743224653074e-11,7.067301193379409e-09,3.0892743224653074e-11,7.067301193379409e-09,3820,1.0722513089005237,6.738281250000011,14.921875,True,regular
0.10326778000016926,0.027102780000132,551135641.6,552816640.0,19660.8,1700659.2,layer4.0.conv1.weight,weight,"(512, 1024, 1, 1)",524288,8,524288,0.00390625,1.2709073189398623e-06,0.0022441446357066,1.2709073189398623e-06,0.0022441446357066,306725,1.7093096421876273,41.496849060058594,4.6802520751953125,True,regular
0.11009170000033915,0.027718220000315298,557438566.4,557651558.4,18841.6,1280409.6,layer4.0.conv1.weight,weight,"(512, 1024, 1, 1)",524288,16,1048576,0.00390625,1.2709073189398623e-06,0.0022441446357066,1.2709073189398623e-06,0.0022441446357066,305764,3.4293638230792376,70.84007263183594,4.66558837890625,True,regular
0.34545576000018624,0.09328770000029177,593070489.6,603843788.8,1051852.8,9461760.0,layer4.0.conv2.weight,weight,"(512, 512, 3, 3)",2359296,8,2359296,0.00390625,1.2707937457889784e-06,0.0080624082424859,1.2707937457889784e-06,0.0080624082424859,1028276,2.294419008126223,56.41598171657986,3.486721462673611,True,regular
0.34923178000026384,0.09047789999931408,623762636.8,625364172.8,1056768.0,9460121.6,layer4.0.conv2.weight,weight,"(512, 512, 3, 3)",2359296,16,4718592,0.00390625,1.2707937457889784e-06,0.0080624082424859,1.2707937457889784e-06,0.0080624082424859,1026666,4.59603415326893,78.24211120605469,3.48126220703125,True,regular
0.1664927800000441,0.0441567999998369,584985804.8,590237696.0,18841.6,4218060.8,layer4.0.conv3.weight,weight,"(2048, 512, 1, 1)",1048576,8,1048576,0.00390625,1.2719395954263746e-06,0.005439058777282,1.2719395954263746e-06,0.005439058777282,524702,1.9984219614181,49.96051788330078,4.0031585693359375,True,regular
0.16948163999986715,0.04530597999982998,598633676.8,599682252.8,18841.6,4217241.6,layer4.0.conv3.weight,weight,"(2048, 512, 1, 1)",1048576,16,2097152,0.00390625,1.2719395954263746e-06,0.005439058777282,1.2719395954263746e-06,0.005439058777282,523053,4.009444549596313,75.05888938903809,3.990577697753906,True,regular
0.2683668799996667,0.07315857999965372,615261798.4,624860364.8,915865.6,8413184.0,layer4.0.downsample.0.weight,weight,"(2048, 1024, 1, 1)",2097152,8,2097152,0.00390625,1.2712735042441636e-06,0.0128785887533023,1.281325239688158e-06,0.0129804174837903,881775,2.378330072864393,57.953691482543945,3.3637046813964844,True,regular
0.26935558000041054,0.07379951999937472,642551808.0,643742924.8,925696.0,8412364.8,layer4.0.downsample.0.weight,weight,"(2048, 1024, 1, 1)",2097152,16,4194304,0.00390625,1.2712735042441636e-06,0.0128785887533023,1.2712735042441636e-06,0.0128785887533023,881056,4.760541895180329,78.99398803710938,3.3609619140625,True,regular
0.0007292599999345201,0.00020394000021036,589189939.2,589189120.0,20480.0,19660.8,layer4.0.downsample.1.bias,bias,"(2048,)",2048,8,2048,0.0016181740785684,2.1392946791820577e-07,0.0002780088454864,2.1392946791820577e-07,0.0002780088454864,1620,1.2641975308641975,20.8984375,6.328125,True,regular
0.00137883999996116,0.00036520000030576,589188300.8,589188300.8,18841.6,18841.6,layer4.0.downsample.1.bias,bias,"(2048,)",2048,16,4096,6.370746504601089e-06,3.217156792703624e-12,4.180808069089896e-09,3.217156792703624e-12,4.180808069089896e-09,3710,1.1040431266846362,9.42382812500001,14.4921875,True,regular
0.00079518000056846,0.0002707400002691,618563174.4,605974528.0,18022.4,20480.0,layer4.0.downsample.1.weight,weight,"(2048,)",2048,8,2048,0.007039733924925,3.978345375799108e-06,0.0007863101909805,3.978345375799108e-06,0.0007863101909805,1486,1.3781965006729475,27.44140625,5.8046875,True,regular
0.00135566000026298,0.00044532000028988,589187481.6,589189120.0,18022.4,19660.8,layer4.0.downsample.1.weight,weight,"(2048,)",2048,16,4096,2.7810582206972357e-05,6.170468302979515e-11,1.2195779027306049e-08,6.170468302979515e-11,1.2195779027306049e-08,3603,1.1368304190951986,12.03613281250001,14.07421875,True,regular
0.00020736000042228002,7.604000020363337e-05,597588377.6,597589196.8,19660.8,20480.0,layer4.1.bn1.bias,bias,"(512,)",512,8,512,0.0025928992508564,5.011314669900457e-07,0.0001839460581927,5.011314669900457e-07,0.0001839460581927,435,1.1770114942528735,15.0390625,6.796875,True,regular
0.0003592000000935,9.780000000318978e-05,597588377.6,597588377.6,19660.8,19660.8,layer4.1.bn1.bias,bias,"(512,)",512,16,1024,9.818702537835476e-06,7.413099648023724e-12,2.7210633318130292e-09,7.413099648023724e-12,2.7210633318130292e-09,978,1.047034764826176,4.492187500000011,15.28125,True,regular
0.00023060000021353998,6.615999991481658e-05,612283187.2,605985177.6,18841.6,19660.8,layer4.1.bn1.weight,weight,"(512,)",512,8,512,0.0023162044818427,4.30114255323133e-07,0.0008923968672391,4.30114255323133e-07,0.0008923968672391,425,1.204705882352941,16.99218749999999,6.640625,True,regular
0.00040175999929482,0.00010354000005461064,597588377.6,597587558.4,19660.8,18841.6,layer4.1.bn1.weight,weight,"(512,)",512,16,1024,9.018583898246896e-06,6.32084315443926e-12,1.3114423806050365e-08,6.32084315443926e-12,1.3114423806050365e-08,941,1.0882040382571732,8.10546875,14.703125,True,regular
0.00022345999968816001,5.885999962629285e-05,616475852.8,616474214.4,20480.0,18841.6,layer4.1.bn2.bias,bias,"(512,)",512,8,512,0.0027803989341322,6.116219992691185e-07,0.0003027065107712,6.116219992691185e-07,0.0003027065107712,410,1.248780487804878,19.921875,6.40625,True,regular
0.00035893999956892,0.0001343400002951803,616475852.8,616475852.8,20480.0,20480.0,layer4.1.bn2.bias,bias,"(512,)",512,16,1024,1.0838234362556372e-05,8.878472609885613e-12,4.394170693546782e-09,8.878472609885613e-12,4.394170693546782e-09,944,1.0847457627118644,7.8125,14.75,True,regular
0.0002811200003634,7.833999989087668e-05,649519923.2,635357593.6,18022.4,19660.8,layer4.1.bn2.weight,weight,"(512,)",512,8,512,0.002400389522356,4.703564400188043e-07,0.0013080087294942,4.703564400188043e-07,0.0013080087294942,411,1.245742092457421,19.7265625,6.421875,True,regular
0.00047870000016695996,0.00013151999992257538,616475033.6,616475852.8,19660.8,20480.0,layer4.1.bn2.weight,weight,"(512,)",512,16,1024,9.445955404408988e-06,6.580580698412053e-12,1.829985999196716e-08,6.580580698412053e-12,1.829985999196716e-08,936,1.094017094017094,8.59375000000001,14.625,True,regular
0.0007335999998758201,0.00021240000023676,624905420.8,624906240.0,18841.6,19660.8,layer4.1.bn3.bias,bias,"(2048,)",2048,8,2048,0.0017109650056415,2.4912509388741455e-07,0.0002891258638565,2.4912509388741455e-07,0.0002891258638565,1619,1.2649783817171094,20.947265625,6.32421875,True,regular
0.00141420000072682,0.000359579999349,624905420.8,624906240.0,18841.6,19660.8,layer4.1.bn3.bias,bias,"(2048,)",2048,16,4096,6.765619073869961e-06,3.629498828219835e-12,4.21226929692451e-09,3.629498828219835e-12,4.21226929692451e-09,3702,1.1064289573203674,9.619140625,14.4609375,True,regular
0.00077896000002506,0.0002999000000272,639601868.8,633302220.8,18841.6,18841.6,layer4.1.bn3.weight,weight,"(2048,)",2048,8,2048,0.0059058854792532,2.9175737381592626e-06,0.0004337157350337,2.9175737381592626e-06,0.0004337157350337,1605,1.27601246105919,21.630859375,6.26953125,True,regular
0.0016003799999452402,0.00047250000061464,624907059.2,624907059.2,20480.0,20480.0,layer4.1.bn3.weight,weight,"(2048,)",2048,16,4096,2.384745394052857e-05,4.6260315023083365e-11,6.876887555818377e-09,4.6260315023083365e-11,6.876887555818377e-09,3716,1.1022604951560817,9.27734374999999,14.515625,True,regular
0.16550948000003693,0.04403011999966106,610181939.2,615433011.2,20480.0,4218880.0,layer4.1.conv1.weight,weight,"(512, 2048, 1, 1)",1048576,8,1048576,0.00390625,1.2722944120469035e-06,0.0058703100800593,1.31207480080775e-06,0.0060538550323284,519850,2.01707415600654,50.42324066162109,3.966140747070313,True,regular
0.16788760000017644,0.044789900000614516,623829811.2,624878387.2,19660.8,4217241.6,layer4.1.conv1.weight,weight,"(512, 2048, 1, 1)",1048576,16,2097152,0.00390625,1.2722944120469035e-06,0.0058703100800593,1.2722944120469035e-06,0.0058703100800593,518293,4.046267265812967,75.28586387634277,3.954261779785156,True,regular
0.3446675399998639,0.08973347999963148,645835980.8,656602726.4,1058406.4,9461760.0,layer4.1.conv2.weight,weight,"(512, 512, 3, 3)",2359296,8,2359296,0.00390625,1.2710070222965442e-06,0.0084074887760334,1.2710070222965442e-06,0.0084074887760334,1032879,2.284193985936397,56.22088114420573,3.502329508463541,True,regular
0.3457303599996521,0.08998891999981418,676528128.0,677843763.2,1063321.6,9460940.8,layer4.1.conv2.weight,weight,"(512, 512, 3, 3)",2359296,16,4718592,0.00390625,1.2710070222965442e-06,0.0084074887760334,1.2710070222965442e-06,0.0084074887760334,1031290,4.575426892532653,78.1441158718533,3.4969414605034723,True,regular
0.16540095999989712,0.04420706000018978,637466214.4,642725478.4,18841.6,4217241.6,layer4.1.conv3.weight,weight,"(2048, 512, 1, 1)",1048576,8,1048576,0.00390625,1.2716939181700582e-06,0.0056886582387997,1.2716939181700582e-06,0.0056886582387997,521551,2.010495617878213,50.26102066040039,3.9791183471679688,True,regular
0.1682945000007748,0.04425843999961212,651128832.0,652196249.6,25395.2,4216422.4,layer4.1.conv3.weight,weight,"(2048, 512, 1, 1)",1048576,16,2097152,0.00390625,1.2716939181700582e-06,0.0056886582387997,1.2716939181700582e-06,0.0056886582387997,520024,4.0327984862237125,75.20332336425781,3.96746826171875,True,regular
0.00020836000003322,6.085999993956648e-05,633317785.6,633316147.2,20480.0,18841.6,layer4.2.bn1.bias,bias,"(512,)",512,8,512,0.0026626795284281,5.749733418269898e-07,0.0001466104464654,5.749733418269898e-07,0.0001466104464654,469,1.091684434968017,8.3984375,7.328125,True,regular
0.0003600600000936,0.00010602000002107146,633317785.6,633316147.2,20480.0,18841.6,layer4.2.bn1.bias,bias,"(512,)",512,16,1024,1.0346107021950328e-05,8.294438053058073e-12,2.114969821512971e-09,8.294438053058073e-12,2.114969821512971e-09,998,1.0260521042084167,2.539062499999989,15.59375,True,regular
0.00021153999987287998,5.996000036248006e-05,648009318.4,641713766.4,19660.8,19660.8,layer4.2.bn1.weight,weight,"(512,)",512,8,512,0.0039988236952262,1.280752258026041e-06,0.0015402943941396,1.280752258026041e-06,0.0015402943941396,355,1.4422535211267606,30.6640625,5.546875,True,regular
0.0005372999999963,0.00015246000002661729,633316966.4,633316966.4,19660.8,19660.8,layer4.2.bn1.weight,weight,"(512,)",512,16,1024,1.5360092008476144e-05,1.7246114258906428e-11,2.074100822170517e-08,1.7246114258906428e-11,2.074100822170517e-08,896,1.1428571428571428,12.5,14.0,True,regular
0.00025545999997118,6.869999997433549e-05,652198707.2,652198707.2,18841.6,18841.6,layer4.2.bn2.bias,bias,"(512,)",512,8,512,0.0022920510945778,4.119182790418563e-07,0.0001829487142028,4.119182790418563e-07,0.0001829487142028,434,1.1797235023041477,15.234375,6.78125,True,regular
0.0004889800002274,0.0001561200002470054,652197888.0,652199526.4,18022.4,19660.8,layer4.2.bn2.bias,bias,"(512,)",512,16,1024,9.067075899020872e-06,6.313023888371294e-12,2.8038561575752343e-09,6.313023888371294e-12,2.8038561575752343e-09,967,1.0589451913133403,5.566406250000011,15.109375,True,regular
0.00031163999956327997,6.315999962680507e-05,685246873.6,671080448.0,20480.0,18022.4,layer4.2.bn2.weight,weight,"(512,)",512,8,512,0.0026179492698985,5.249470405033207e-07,0.0009127016150762,5.249470405033207e-07,0.0009127016150762,428,1.1962616822429906,16.40624999999999,6.6875,True,regular
0.00039107999946277997,0.00010065999958895874,652199526.4,652198707.2,19660.8,18841.6,layer4.2.bn2.weight,weight,"(512,)",512,16,1024,1.0089923041557684e-05,8.037652141079654e-12,1.3974701302345845e-08,8.037652141079654e-12,1.3974701302345845e-08,939,1.0905218317358891,8.30078125000001,14.671875,True,regular
0.0008329600001160999,0.00018793999988696,660598784.0,660599603.2,19660.8,20480.0,layer4.2.bn3.bias,bias,"(2048,)",2048,8,2048,0.0014507099402316,1.8024385894932493e-07,0.000275447303731,1.8024385894932493e-07,0.000275447303731,1578,1.2978453738910012,22.94921875,6.1640625,True,regular
0.00136280000006076,0.00033801999998098,660598784.0,660597964.8,19660.8,18841.6,layer4.2.bn3.bias,bias,"(2048,)",2048,16,4096,5.785709932341243e-06,2.691016246642031e-12,4.112390700880716e-09,2.691016246642031e-12,4.112390700880716e-09,3668,1.1166848418756816,10.44921875,14.328125,True,regular
0.0008488999992550198,0.00022679999965472,675295232.0,668994764.8,20480.0,19660.8,layer4.2.bn3.weight,weight,"(2048,)",2048,8,2048,0.0101829110622596,8.732054993743077e-06,0.0003806279867063,8.732054993743077e-06,0.0003806279867063,1747,1.1722953634802518,14.69726562499999,6.82421875,True,regular
0.00142289999967028,0.00038383999999492,660597145.6,660597964.8,18841.6,19660.8,layer4.2.bn3.weight,weight,"(2048,)",2048,16,4096,4.06289869102255e-05,1.3160106338006014e-10,5.7364558329803666e-09,1.3160106338006014e-10,5.7364558329803666e-09,3835,1.068057366362451,6.3720703125,14.98046875,True,regular
0.1820854200002941,0.048448819999975926,645896601.6,651158323.2,18022.4,4217241.6,layer4.2.conv1.weight,weight,"(512, 2048, 1, 1)",1048576,8,1048576,0.00390625,1.272411054742406e-06,0.0038698996065546,1.272411054742406e-06,0.0038698996065546,561884,1.8661787842330448,46.41456604003906,4.286834716796875,True,regular
0.18845952000010582,0.04894624000007746,659556761.6,660603699.2,20480.0,4217241.6,layer4.2.conv1.weight,weight,"(512, 2048, 1, 1)",1048576,16,2097152,0.00390625,1.272411054742406e-06,0.0038698996065546,1.272411054742406e-06,0.0038698996065546,559891,3.745643348437464,73.30231666564941,4.271629333496094,True,regular
0.32018542000041633,0.08235280000044438,681443328.0,692327219.2,939622.4,9460121.6,layer4.2.conv2.weight,weight,"(512, 512, 3, 3)",2359296,8,2359296,0.00390625,1.2729777836284484e-06,0.0104352288817766,1.2729777836284484e-06,0.0104352288817766,894431,2.6377618843711814,62.08907233344184,3.0328742133246527,True,regular
0.3212294399996608,0.08299103999997892,712142028.8,713569894.4,951091.2,9460940.8,layer4.2.conv2.weight,weight,"(512, 512, 3, 3)",2359296,16,4718592,0.00390625,1.2729777836284484e-06,0.0104352288817766,1.2729777836284484e-06,0.0104352288817766,893191,5.2828476775963935,81.07081519232857,3.0286695692274304,True,regular
0.15804699999971486,0.04399118000037554,673191526.4,678442598.4,19660.8,4218060.8,layer4.2.conv3.weight,weight,"(2048, 512, 1, 1)",1048576,8,1048576,0.00390625,1.272948566111154e-06,0.0063359984342595,1.272948566111154e-06,0.0063359984342595,505160,2.075730461635917,51.82418823242188,3.85406494140625,True,regular
0.16085386000013382,0.04380605999976974,686837760.0,687887155.2,18022.4,4217241.6,layer4.2.conv3.weight,weight,"(2048, 512, 1, 1)",1048576,16,2097152,0.00390625,1.272948566111154e-06,0.0063359984342595,1.272948566111154e-06,0.0063359984342595,503666,4.1637752002319,75.98333358764648,3.8426666259765625,True,regular
